env_id,mean_episode_length
0,1000.0
1,1000.0
2,1000.0
3,1000.0
4,1000.0
5,1000.0
6,1000.0
7,1000.0
8,1000.0
9,1000.0
10,1000.0
11,1000.0
12,1000.0
13,175.25
14,1000.0
15,176.0
16,1000.0
17,1000.0
18,1000.0
19,1000.0
20,1000.0
21,1000.0
22,1000.0
23,1000.0
24,1000.0
25,276.67
26,1000.0
27,1000.0
28,874.0
29,1000.0
30,117.86
31,1000.0
32,1000.0
33,276.67
34,123.0
35,1000.0
36,332.67
37,1000.0
38,1000.0
39,1000.0
40,225.0
41,1000.0
42,1000.0
43,1000.0
44,1000.0
45,1000.0
46,1000.0
47,226.33
48,990.0
49,154.0
50,127.43
51,139.0
52,1000.0
53,1000.0
54,1000.0
55,1000.0
56,225.0
57,382.0
58,544.0
59,1000.0
60,121.25
61,1000.0
62,1000.0
63,662.0
64,1000.0
65,320.0
66,1000.0
67,525.0
68,395.5
69,236.75
70,474.5
71,1000.0
72,584.0
73,1000.0
74,659.0
75,1000.0
76,1000.0
77,1000.0
78,1000.0
79,1000.0
80,1000.0
81,1000.0
82,416.0
83,168.6
84,154.83
85,1000.0
86,1000.0
87,1000.0
88,1000.0
89,611.0
90,1000.0
91,1000.0
92,1000.0
93,1000.0
94,1000.0
95,163.0
96,1000.0
97,159.33
98,178.2
99,1000.0
100,255.0
101,1000.0
102,1000.0
103,1000.0
104,265.0
105,1000.0
106,1000.0
107,1000.0
108,1000.0
109,1000.0
110,261.0
111,192.0
112,1000.0
113,1000.0
114,1000.0
115,1000.0
116,1000.0
117,1000.0
118,1000.0
119,1000.0
120,150.0
121,1000.0
122,73.92
123,1000.0
124,112.0
125,1000.0
126,1000.0
127,1000.0
128,211.0
129,1000.0
130,1000.0
131,1000.0
132,1000.0
133,1000.0
134,1000.0
135,244.5
136,179.67
137,1000.0
138,218.33
139,1000.0
140,1000.0
141,237.33
142,1000.0
143,1000.0
144,1000.0
145,105.22
146,1000.0
147,1000.0
148,475.0
149,1000.0
150,1000.0
151,1000.0
152,1000.0
153,421.0
154,1000.0
155,1000.0
156,1000.0
157,1000.0
158,1000.0
159,1000.0
160,1000.0
161,1000.0
162,1000.0
163,1000.0
164,1000.0
165,1000.0
166,1000.0
167,1000.0
168,1000.0
169,1000.0
170,1000.0
171,1000.0
172,1000.0
173,1000.0
174,1000.0
175,1000.0
176,1000.0
177,1000.0
178,80.58
179,959.0
180,1000.0
181,286.0
182,1000.0
183,1000.0
184,1000.0
185,1000.0
186,1000.0
187,158.33
188,162.0
189,1000.0
190,484.5
191,1000.0
192,1000.0
193,1000.0
194,1000.0
195,252.0
196,1000.0
197,1000.0
198,1000.0
199,1000.0
200,1000.0
201,1000.0
202,1000.0
203,187.0
204,1000.0
205,1000.0
206,1000.0
207,1000.0
208,1000.0
209,192.75
210,107.67
211,82.64
212,186.67
213,364.0
214,1000.0
215,1000.0
216,1000.0
217,1000.0
218,1000.0
219,104.0
220,1000.0
221,124.0
222,1000.0
223,1000.0
224,132.57
225,836.0
226,113.12
227,1000.0
228,320.67
229,1000.0
230,1000.0
231,1000.0
232,1000.0
233,1000.0
234,1000.0
235,153.0
236,222.0
237,1000.0
238,221.67
239,1000.0
240,1000.0
241,315.0
242,1000.0
243,80.73
244,1000.0
245,252.67
246,313.33
247,1000.0
248,226.5
249,156.5
250,1000.0
251,305.0
252,1000.0
253,291.33
254,337.5
255,541.0
256,155.17
257,1000.0
258,1000.0
259,167.0
260,1000.0
261,178.0
262,146.33
263,1000.0
264,1000.0
265,1000.0
266,1000.0
267,1000.0
268,184.4
269,165.67
270,1000.0
271,455.5
272,1000.0
273,1000.0
274,1000.0
275,191.25
276,1000.0
277,1000.0
278,235.67
279,936.0
280,1000.0
281,1000.0
282,187.4
283,1000.0
284,1000.0
285,1000.0
286,1000.0
287,1000.0
288,185.2
289,1000.0
290,1000.0
291,1000.0
292,138.0
293,1000.0
294,357.0
295,1000.0
296,1000.0
297,1000.0
298,1000.0
299,140.5
300,1000.0
301,1000.0
302,110.38
303,1000.0
304,1000.0
305,1000.0
306,1000.0
307,1000.0
308,1000.0
309,477.5
310,1000.0
311,91.6
312,1000.0
313,1000.0
314,1000.0
315,1000.0
316,122.5
317,209.0
318,97.67
319,1000.0
320,141.0
321,1000.0
322,1000.0
323,1000.0
324,161.0
325,1000.0
326,1000.0
327,1000.0
328,89.27
329,367.0
330,1000.0
331,142.0
332,1000.0
333,263.33
334,108.33
335,1000.0
336,644.0
337,1000.0
338,1000.0
339,1000.0
340,253.0
341,1000.0
342,1000.0
343,207.5
344,1000.0
345,138.0
346,1000.0
347,1000.0
348,148.33
349,152.0
350,1000.0
351,154.83
352,1000.0
353,1000.0
354,1000.0
355,1000.0
356,110.25
357,164.0
358,1000.0
359,1000.0
360,136.33
361,193.0
362,518.0
363,1000.0
364,1000.0
365,1000.0
366,122.0
367,1000.0
368,127.4
369,1000.0
370,1000.0
371,1000.0
372,1000.0
373,1000.0
374,1000.0
375,1000.0
376,1000.0
377,1000.0
378,356.0
379,1000.0
380,1000.0
381,1000.0
382,103.5
383,1000.0
384,1000.0
385,1000.0
386,295.5
387,1000.0
388,1000.0
389,1000.0
390,1000.0
391,303.33
392,1000.0
393,884.0
394,691.0
395,170.0
396,1000.0
397,1000.0
398,1000.0
399,159.0
400,137.17
401,1000.0
402,1000.0
403,101.0
404,1000.0
405,1000.0
406,272.0
407,355.5
408,1000.0
409,1000.0
410,1000.0
411,1000.0
412,229.0
413,1000.0
414,982.0
415,1000.0
416,1000.0
417,114.5
418,1000.0
419,1000.0
420,1000.0
421,1000.0
422,1000.0
423,182.0
424,1000.0
425,623.0
426,479.5
427,1000.0
428,1000.0
429,1000.0
430,1000.0
431,1000.0
432,569.0
433,1000.0
434,93.9
435,1000.0
436,543.0
437,1000.0
438,1000.0
439,1000.0
440,1000.0
441,1000.0
442,1000.0
443,1000.0
444,221.0
445,1000.0
446,1000.0
447,1000.0
448,148.0
449,1000.0
450,1000.0
451,1000.0
452,109.33
453,1000.0
454,1000.0
455,119.0
456,1000.0
457,1000.0
458,1000.0
459,632.0
460,334.0
461,1000.0
462,837.0
463,1000.0
464,1000.0
465,1000.0
466,284.0
467,1000.0
468,1000.0
469,1000.0
470,1000.0
471,1000.0
472,134.0
473,1000.0
474,114.5
475,1000.0
476,265.5
477,252.0
478,1000.0
479,1000.0
480,839.0
481,273.5
482,1000.0
483,148.0
484,177.67
485,1000.0
486,1000.0
487,1000.0
488,1000.0
489,1000.0
490,228.0
491,1000.0
492,1000.0
493,1000.0
494,1000.0
495,1000.0
496,1000.0
497,1000.0
498,313.67
499,883.0
500,1000.0
501,119.0
502,1000.0
503,361.5
504,412.0
505,1000.0
506,1000.0
507,1000.0
508,1000.0
509,182.0
510,1000.0
511,1000.0
512,148.0
513,196.6
514,1000.0
515,1000.0
516,239.67
517,1000.0
518,1000.0
519,1000.0
520,208.67
521,1000.0
522,93.0
523,184.0
524,1000.0
525,122.62
526,1000.0
527,1000.0
528,192.0
529,92.0
530,1000.0
531,1000.0
532,1000.0
533,1000.0
534,157.0
535,1000.0
536,195.5
537,1000.0
538,1000.0
539,1000.0
540,1000.0
541,297.0
542,105.33
543,224.0
544,1000.0
545,462.0
546,1000.0
547,861.0
548,1000.0
549,141.0
550,179.67
551,1000.0
552,1000.0
553,1000.0
554,1000.0
555,1000.0
556,1000.0
557,1000.0
558,176.0
559,1000.0
560,1000.0
561,1000.0
562,238.5
563,1000.0
564,1000.0
565,106.0
566,195.5
567,254.5
568,1000.0
569,1000.0
570,1000.0
571,279.0
572,285.67
573,1000.0
574,1000.0
575,1000.0
576,1000.0
577,296.0
578,1000.0
579,1000.0
580,208.33
581,185.4
582,221.0
583,780.0
584,1000.0
585,1000.0
586,1000.0
587,1000.0
588,1000.0
589,1000.0
590,117.0
591,1000.0
592,1000.0
593,1000.0
594,1000.0
595,92.0
596,1000.0
597,1000.0
598,1000.0
599,357.0
600,1000.0
601,1000.0
602,1000.0
603,1000.0
604,1000.0
605,1000.0
606,1000.0
607,332.0
608,1000.0
609,226.5
610,1000.0
611,89.4
612,101.0
613,1000.0
614,1000.0
615,1000.0
616,1000.0
617,399.5
618,1000.0
619,1000.0
620,1000.0
621,1000.0
622,242.25
623,1000.0
624,1000.0
625,1000.0
626,378.0
627,1000.0
628,105.78
629,222.33
630,199.0
631,1000.0
632,1000.0
633,556.0
634,107.0
635,127.71
636,1000.0
637,1000.0
638,1000.0
639,1000.0
640,151.0
641,1000.0
642,1000.0
643,1000.0
644,1000.0
645,1000.0
646,216.0
647,1000.0
648,1000.0
649,114.0
650,1000.0
651,1000.0
652,1000.0
653,1000.0
654,1000.0
655,1000.0
656,150.0
657,135.0
658,1000.0
659,686.0
660,182.5
661,1000.0
662,1000.0
663,1000.0
664,1000.0
665,475.0
666,1000.0
667,200.25
668,168.0
669,369.0
670,1000.0
671,312.33
672,1000.0
673,148.0
674,1000.0
675,1000.0
676,1000.0
677,106.25
678,1000.0
679,1000.0
680,1000.0
681,228.25
682,1000.0
683,1000.0
684,95.3
685,250.0
686,1000.0
687,1000.0
688,1000.0
689,230.5
690,1000.0
691,1000.0
692,194.8
693,225.0
694,1000.0
695,1000.0
696,1000.0
697,223.33
698,1000.0
699,350.0
700,1000.0
701,1000.0
702,1000.0
703,1000.0
704,1000.0
705,1000.0
706,236.5
707,1000.0
708,1000.0
709,1000.0
710,1000.0
711,1000.0
712,1000.0
713,1000.0
714,1000.0
715,91.3
716,322.5
717,1000.0
718,193.5
719,195.2
720,1000.0
721,110.0
722,1000.0
723,1000.0
724,1000.0
725,1000.0
726,1000.0
727,215.5
728,1000.0
729,1000.0
730,127.5
731,1000.0
732,181.6
733,1000.0
734,1000.0
735,1000.0
736,1000.0
737,1000.0
738,105.0
739,189.0
740,1000.0
741,1000.0
742,1000.0
743,1000.0
744,208.25
745,1000.0
746,1000.0
747,375.0
748,1000.0
749,1000.0
750,1000.0
751,165.33
752,159.0
753,287.0
754,1000.0
755,1000.0
756,139.17
757,1000.0
758,1000.0
759,1000.0
760,175.2
761,281.67
762,1000.0
763,390.0
764,443.5
765,391.0
766,1000.0
767,1000.0
768,104.33
769,1000.0
770,1000.0
771,399.5
772,1000.0
773,1000.0
774,1000.0
775,1000.0
776,1000.0
777,1000.0
778,204.0
779,275.0
780,271.0
781,1000.0
782,825.0
783,1000.0
784,1000.0
785,222.0
786,1000.0
787,1000.0
788,135.29
789,1000.0
790,1000.0
791,415.0
792,1000.0
793,134.43
794,1000.0
795,152.83
796,1000.0
797,1000.0
798,1000.0
799,483.0
800,1000.0
801,260.5
802,1000.0
803,1000.0
804,1000.0
805,312.5
806,118.0
807,1000.0
808,467.0
809,344.0
810,1000.0
811,1000.0
812,1000.0
813,1000.0
814,1000.0
815,1000.0
816,671.0
817,1000.0
818,1000.0
819,252.5
820,1000.0
821,1000.0
822,1000.0
823,147.5
824,1000.0
825,153.0
826,205.5
827,1000.0
828,180.0
829,1000.0
830,1000.0
831,1000.0
832,147.17
833,1000.0
834,329.33
835,942.0
836,1000.0
837,327.67
838,1000.0
839,1000.0
840,1000.0
841,141.5
842,1000.0
843,1000.0
844,1000.0
845,109.5
846,1000.0
847,200.0
848,1000.0
849,191.5
850,186.5
851,1000.0
852,1000.0
853,1000.0
854,364.0
855,1000.0
856,1000.0
857,1000.0
858,1000.0
859,219.0
860,324.67
861,1000.0
862,1000.0
863,683.0
864,1000.0
865,1000.0
866,148.0
867,434.0
868,318.0
869,1000.0
870,1000.0
871,1000.0
872,1000.0
873,91.7
874,1000.0
875,1000.0
876,832.0
877,1000.0
878,1000.0
879,289.0
880,153.2
881,1000.0
882,127.0
883,131.29
884,485.0
885,1000.0
886,1000.0
887,1000.0
888,1000.0
889,1000.0
890,180.6
891,1000.0
892,1000.0
893,1000.0
894,212.25
895,137.0
896,98.1
897,236.0
898,1000.0
899,212.5
900,302.0
901,138.57
902,1000.0
903,146.67
904,1000.0
905,1000.0
906,1000.0
907,1000.0
908,485.0
909,1000.0
910,1000.0
911,1000.0
912,258.0
913,1000.0
914,133.0
915,1000.0
916,1000.0
917,1000.0
918,1000.0
919,1000.0
920,1000.0
921,169.0
922,1000.0
923,1000.0
924,103.0
925,1000.0
926,1000.0
927,1000.0
928,1000.0
929,1000.0
930,1000.0
931,1000.0
932,1000.0
933,874.0
934,1000.0
935,1000.0
936,1000.0
937,1000.0
938,178.4
939,1000.0
940,1000.0
941,151.83
942,138.0
943,1000.0
944,1000.0
945,811.0
946,469.0
947,154.5
948,408.0
949,1000.0
950,386.5
951,116.0
952,73.15
953,1000.0
954,1000.0
955,1000.0
956,236.75
957,1000.0
958,857.0
959,1000.0
960,1000.0
961,1000.0
962,244.75
963,211.5
964,147.83
965,137.0
966,1000.0
967,1000.0
968,1000.0
969,1000.0
970,1000.0
971,1000.0
972,1000.0
973,1000.0
974,1000.0
975,159.2
976,1000.0
977,1000.0
978,1000.0
979,482.0
980,1000.0
981,1000.0
982,1000.0
983,1000.0
984,1000.0
985,1000.0
986,166.0
987,1000.0
988,1000.0
989,198.8
990,1000.0
991,1000.0
992,311.0
993,1000.0
994,1000.0
995,1000.0
996,1000.0
997,1000.0
998,1000.0
999,1000.0
1000,1000.0
1001,1000.0
1002,337.0
1003,76.0
1004,1000.0
1005,150.0
1006,1000.0
1007,1000.0
1008,1000.0
1009,1000.0
1010,1000.0
1011,1000.0
1012,271.0
1013,85.5
1014,339.5
1015,1000.0
1016,1000.0
1017,111.0
1018,1000.0
1019,1000.0
1020,1000.0
1021,1000.0
1022,1000.0
1023,1000.0
1024,442.0
1025,1000.0
1026,100.0
1027,1000.0
1028,199.8
1029,191.6
1030,79.92
1031,1000.0
1032,315.33
1033,1000.0
1034,149.0
1035,1000.0
1036,1000.0
1037,1000.0
1038,1000.0
1039,1000.0
1040,1000.0
1041,175.0
1042,98.1
1043,282.0
1044,378.0
1045,1000.0
1046,1000.0
1047,1000.0
1048,496.5
1049,225.25
1050,1000.0
1051,1000.0
1052,1000.0
1053,1000.0
1054,1000.0
1055,1000.0
1056,1000.0
1057,1000.0
1058,1000.0
1059,233.0
1060,1000.0
1061,1000.0
1062,1000.0
1063,1000.0
1064,1000.0
1065,103.0
1066,1000.0
1067,1000.0
1068,1000.0
1069,1000.0
1070,1000.0
1071,1000.0
1072,1000.0
1073,1000.0
1074,1000.0
1075,1000.0
1076,1000.0
1077,487.0
1078,139.0
1079,1000.0
1080,1000.0
1081,152.0
1082,223.0
1083,1000.0
1084,1000.0
1085,1000.0
1086,174.0
1087,87.8
1088,1000.0
1089,1000.0
1090,1000.0
1091,1000.0
1092,1000.0
1093,1000.0
1094,1000.0
1095,165.5
1096,1000.0
1097,1000.0
1098,1000.0
1099,377.0
1100,1000.0
1101,1000.0
1102,1000.0
1103,1000.0
1104,1000.0
1105,1000.0
1106,1000.0
1107,287.67
1108,1000.0
1109,130.33
1110,1000.0
1111,99.5
1112,1000.0
1113,634.0
1114,1000.0
1115,1000.0
1116,1000.0
1117,248.0
1118,955.0
1119,1000.0
1120,175.0
1121,1000.0
1122,1000.0
1123,240.0
1124,1000.0
1125,172.0
1126,142.57
1127,1000.0
1128,1000.0
1129,1000.0
1130,258.0
1131,109.0
1132,217.5
1133,306.0
1134,1000.0
1135,1000.0
1136,1000.0
1137,99.8
1138,1000.0
1139,1000.0
1140,1000.0
1141,1000.0
1142,245.25
1143,1000.0
1144,1000.0
1145,1000.0
1146,119.0
1147,196.0
1148,233.0
1149,1000.0
1150,1000.0
1151,461.5
1152,1000.0
1153,1000.0
1154,1000.0
1155,1000.0
1156,1000.0
1157,1000.0
1158,1000.0
1159,1000.0
1160,383.5
1161,174.6
1162,1000.0
1163,1000.0
1164,1000.0
1165,1000.0
1166,141.0
1167,253.0
1168,1000.0
1169,1000.0
1170,1000.0
1171,1000.0
1172,1000.0
1173,1000.0
1174,144.5
1175,1000.0
1176,1000.0
1177,1000.0
1178,1000.0
1179,1000.0
1180,1000.0
1181,309.0
1182,1000.0
1183,96.0
1184,265.5
1185,198.0
1186,1000.0
1187,1000.0
1188,1000.0
1189,1000.0
1190,1000.0
1191,1000.0
1192,1000.0
1193,1000.0
1194,1000.0
1195,1000.0
1196,460.0
1197,485.5
1198,131.5
1199,1000.0
1200,755.0
1201,1000.0
1202,1000.0
1203,1000.0
1204,1000.0
1205,180.8
1206,218.0
1207,1000.0
1208,123.75
1209,104.0
1210,1000.0
1211,1000.0
1212,1000.0
1213,902.0
1214,1000.0
1215,1000.0
1216,1000.0
1217,1000.0
1218,268.0
1219,229.75
1220,331.0
1221,218.75
1222,1000.0
1223,375.0
1224,1000.0
1225,452.5
1226,1000.0
1227,1000.0
1228,1000.0
1229,1000.0
1230,1000.0
1231,1000.0
1232,226.5
1233,1000.0
1234,1000.0
1235,1000.0
1236,373.0
1237,1000.0
1238,1000.0
1239,183.4
1240,1000.0
1241,1000.0
1242,1000.0
1243,177.2
1244,1000.0
1245,1000.0
1246,1000.0
1247,1000.0
1248,1000.0
1249,877.0
1250,261.5
1251,1000.0
1252,1000.0
1253,1000.0
1254,106.0
1255,100.0
1256,361.0
1257,1000.0
1258,264.0
1259,1000.0
1260,1000.0
1261,1000.0
1262,1000.0
1263,179.4
1264,207.0
1265,1000.0
1266,153.67
1267,1000.0
1268,1000.0
1269,141.0
1270,1000.0
1271,178.0
1272,227.0
1273,729.0
1274,141.0
1275,1000.0
1276,1000.0
1277,1000.0
1278,1000.0
1279,1000.0
1280,1000.0
1281,158.2
1282,263.5
1283,97.0
1284,283.67
1285,1000.0
1286,190.0
1287,1000.0
1288,1000.0
1289,1000.0
1290,114.0
1291,1000.0
1292,225.75
1293,185.0
1294,1000.0
1295,1000.0
1296,1000.0
1297,1000.0
1298,150.0
1299,1000.0
1300,1000.0
1301,1000.0
1302,1000.0
1303,486.0
1304,1000.0
1305,1000.0
1306,1000.0
1307,251.0
1308,1000.0
1309,98.29
1310,1000.0
1311,1000.0
1312,1000.0
1313,1000.0
1314,255.0
1315,1000.0
1316,1000.0
1317,1000.0
1318,117.38
1319,1000.0
1320,1000.0
1321,1000.0
1322,1000.0
1323,1000.0
1324,305.33
1325,101.0
1326,1000.0
1327,1000.0
1328,1000.0
1329,312.5
1330,125.0
1331,1000.0
1332,1000.0
1333,198.0
1334,1000.0
1335,1000.0
1336,267.67
1337,1000.0
1338,1000.0
1339,308.0
1340,1000.0
1341,406.0
1342,1000.0
1343,726.0
1344,1000.0
1345,261.0
1346,1000.0
1347,1000.0
1348,1000.0
1349,1000.0
1350,1000.0
1351,117.0
1352,1000.0
1353,153.67
1354,268.0
1355,1000.0
1356,198.5
1357,1000.0
1358,1000.0
1359,1000.0
1360,1000.0
1361,209.75
1362,1000.0
1363,1000.0
1364,322.33
1365,1000.0
1366,1000.0
1367,1000.0
1368,1000.0
1369,225.0
1370,1000.0
1371,280.0
1372,144.17
1373,216.75
1374,141.0
1375,323.33
1376,379.5
1377,1000.0
1378,155.0
1379,1000.0
1380,369.0
1381,1000.0
1382,294.33
1383,1000.0
1384,76.0
1385,1000.0
1386,1000.0
1387,1000.0
1388,1000.0
1389,1000.0
1390,1000.0
1391,310.67
1392,85.0
1393,1000.0
1394,244.67
1395,151.0
1396,1000.0
1397,1000.0
1398,1000.0
1399,1000.0
1400,1000.0
1401,1000.0
1402,146.83
1403,1000.0
1404,1000.0
1405,1000.0
1406,1000.0
1407,1000.0
1408,1000.0
1409,1000.0
1410,1000.0
1411,1000.0
1412,1000.0
1413,279.0
1414,320.0
1415,271.0
1416,1000.0
1417,1000.0
1418,1000.0
1419,1000.0
1420,1000.0
1421,383.5
1422,1000.0
1423,1000.0
1424,1000.0
1425,1000.0
1426,1000.0
1427,1000.0
1428,92.4
1429,125.43
1430,108.0
1431,1000.0
1432,1000.0
1433,1000.0
1434,1000.0
1435,99.0
1436,1000.0
1437,1000.0
1438,1000.0
1439,1000.0
1440,1000.0
1441,1000.0
1442,1000.0
1443,207.67
1444,1000.0
1445,1000.0
1446,150.0
1447,1000.0
1448,166.17
1449,1000.0
1450,1000.0
1451,78.67
1452,1000.0
1453,1000.0
1454,279.0
1455,1000.0
1456,1000.0
1457,197.0
1458,1000.0
1459,1000.0
1460,1000.0
1461,1000.0
1462,294.0
1463,1000.0
1464,1000.0
1465,339.0
1466,1000.0
1467,114.0
1468,108.0
1469,1000.0
1470,1000.0
1471,1000.0
1472,176.0
1473,888.0
1474,1000.0
1475,439.5
1476,377.0
1477,1000.0
1478,915.0
1479,1000.0
1480,133.29
1481,189.6
1482,662.0
1483,1000.0
1484,1000.0
1485,164.2
1486,251.67
1487,317.33
1488,398.0
1489,157.0
1490,1000.0
1491,1000.0
1492,1000.0
1493,164.33
1494,1000.0
1495,161.25
1496,1000.0
1497,1000.0
1498,1000.0
1499,1000.0
1500,1000.0
1501,1000.0
1502,1000.0
1503,236.0
1504,1000.0
1505,126.0
1506,1000.0
1507,1000.0
1508,1000.0
1509,101.44
1510,1000.0
1511,1000.0
1512,1000.0
1513,199.0
1514,1000.0
1515,1000.0
1516,1000.0
1517,1000.0
1518,1000.0
1519,1000.0
1520,1000.0
1521,1000.0
1522,135.5
1523,1000.0
1524,1000.0
1525,1000.0
1526,1000.0
1527,410.5
1528,239.75
1529,1000.0
1530,1000.0
1531,127.43
1532,1000.0
1533,154.67
1534,1000.0
1535,269.0
1536,1000.0
1537,375.0
1538,411.0
1539,1000.0
1540,1000.0
1541,1000.0
1542,1000.0
1543,1000.0
1544,1000.0
1545,1000.0
1546,1000.0
1547,1000.0
1548,1000.0
1549,296.0
1550,110.5
1551,943.0
1552,160.33
1553,1000.0
1554,1000.0
1555,1000.0
1556,1000.0
1557,1000.0
1558,1000.0
1559,1000.0
1560,1000.0
1561,1000.0
1562,1000.0
1563,271.0
1564,1000.0
1565,156.0
1566,1000.0
1567,110.78
1568,1000.0
1569,1000.0
1570,329.67
1571,1000.0
1572,1000.0
1573,249.0
1574,1000.0
1575,201.0
1576,1000.0
1577,1000.0
1578,1000.0
1579,84.36
1580,97.5
1581,1000.0
1582,127.4
1583,1000.0
1584,1000.0
1585,1000.0
1586,1000.0
1587,1000.0
1588,354.0
1589,1000.0
1590,117.0
1591,519.0
1592,1000.0
1593,274.33
1594,1000.0
1595,159.33
1596,227.67
1597,1000.0
1598,1000.0
1599,1000.0
1600,721.0
1601,1000.0
1602,1000.0
1603,1000.0
1604,66.5
1605,1000.0
1606,1000.0
1607,970.0
1608,1000.0
1609,100.0
1610,249.0
1611,410.0
1612,205.5
1613,136.5
1614,1000.0
1615,146.0
1616,1000.0
1617,1000.0
1618,1000.0
1619,1000.0
1620,116.67
1621,1000.0
1622,95.0
1623,1000.0
1624,1000.0
1625,1000.0
1626,395.5
1627,1000.0
1628,1000.0
1629,194.0
1630,1000.0
1631,1000.0
1632,415.0
1633,1000.0
1634,1000.0
1635,1000.0
1636,1000.0
1637,455.5
1638,1000.0
1639,1000.0
1640,1000.0
1641,837.0
1642,1000.0
1643,120.0
1644,133.0
1645,1000.0
1646,1000.0
1647,246.0
1648,179.0
1649,1000.0
1650,1000.0
1651,1000.0
1652,667.0
1653,1000.0
1654,1000.0
1655,251.0
1656,1000.0
1657,121.0
1658,148.0
1659,134.33
1660,242.0
1661,1000.0
1662,1000.0
1663,1000.0
1664,1000.0
1665,201.0
1666,1000.0
1667,1000.0
1668,1000.0
1669,153.0
1670,364.0
1671,125.57
1672,102.0
1673,1000.0
1674,1000.0
1675,1000.0
1676,1000.0
1677,1000.0
1678,1000.0
1679,168.0
1680,1000.0
1681,1000.0
1682,1000.0
1683,1000.0
1684,1000.0
1685,226.0
1686,1000.0
1687,123.0
1688,1000.0
1689,1000.0
1690,1000.0
1691,183.0
1692,248.5
1693,1000.0
1694,1000.0
1695,1000.0
1696,135.57
1697,1000.0
1698,1000.0
1699,1000.0
1700,1000.0
1701,1000.0
1702,240.67
1703,1000.0
1704,1000.0
1705,1000.0
1706,152.33
1707,307.0
1708,1000.0
1709,146.0
1710,1000.0
1711,1000.0
1712,1000.0
1713,1000.0
1714,316.0
1715,1000.0
1716,98.0
1717,194.75
1718,1000.0
1719,1000.0
1720,1000.0
1721,234.75
1722,1000.0
1723,1000.0
1724,183.8
1725,241.0
1726,165.67
1727,323.0
1728,1000.0
1729,258.0
1730,1000.0
1731,138.0
1732,1000.0
1733,141.33
1734,1000.0
1735,1000.0
1736,1000.0
1737,791.0
1738,138.0
1739,124.0
1740,140.8
1741,1000.0
1742,1000.0
1743,1000.0
1744,1000.0
1745,1000.0
1746,1000.0
1747,1000.0
1748,777.0
1749,404.5
1750,1000.0
1751,200.0
1752,243.0
1753,1000.0
1754,1000.0
1755,1000.0
1756,1000.0
1757,242.25
1758,1000.0
1759,1000.0
1760,1000.0
1761,1000.0
1762,1000.0
1763,1000.0
1764,460.0
1765,314.5
1766,232.25
1767,1000.0
1768,142.43
1769,1000.0
1770,782.0
1771,1000.0
1772,1000.0
1773,1000.0
1774,886.0
1775,1000.0
1776,1000.0
1777,114.12
1778,1000.0
1779,1000.0
1780,1000.0
1781,1000.0
1782,155.33
1783,1000.0
1784,1000.0
1785,1000.0
1786,1000.0
1787,151.67
1788,1000.0
1789,594.0
1790,237.0
1791,1000.0
1792,156.0
1793,595.0
1794,197.0
1795,118.38
1796,324.5
1797,1000.0
1798,1000.0
1799,257.0
1800,1000.0
1801,1000.0
1802,1000.0
1803,262.0
1804,1000.0
1805,167.5
1806,1000.0
1807,1000.0
1808,1000.0
1809,334.0
1810,1000.0
1811,247.0
1812,1000.0
1813,1000.0
1814,1000.0
1815,1000.0
1816,491.0
1817,145.0
1818,1000.0
1819,1000.0
1820,1000.0
1821,106.5
1822,180.0
1823,1000.0
1824,125.71
1825,1000.0
1826,1000.0
1827,1000.0
1828,1000.0
1829,1000.0
1830,1000.0
1831,1000.0
1832,1000.0
1833,1000.0
1834,1000.0
1835,251.0
1836,1000.0
1837,1000.0
1838,1000.0
1839,353.0
1840,1000.0
1841,492.0
1842,226.0
1843,178.5
1844,1000.0
1845,251.0
1846,1000.0
1847,114.88
1848,246.33
1849,185.8
1850,1000.0
1851,1000.0
1852,1000.0
1853,173.8
1854,1000.0
1855,142.86
1856,92.67
1857,127.0
1858,1000.0
1859,190.8
1860,312.0
1861,137.5
1862,192.0
1863,284.67
1864,378.0
1865,214.67
1866,236.5
1867,109.78
1868,1000.0
1869,245.5
1870,1000.0
1871,1000.0
1872,1000.0
1873,1000.0
1874,1000.0
1875,1000.0
1876,1000.0
1877,1000.0
1878,115.0
1879,77.75
1880,1000.0
1881,1000.0
1882,1000.0
1883,1000.0
1884,1000.0
1885,196.6
1886,1000.0
1887,427.5
1888,184.4
1889,185.33
1890,835.0
1891,547.0
1892,289.0
1893,142.0
1894,1000.0
1895,287.0
1896,1000.0
1897,1000.0
1898,1000.0
1899,178.0
1900,1000.0
1901,1000.0
1902,98.7
1903,275.0
1904,1000.0
1905,1000.0
1906,113.62
1907,91.0
1908,1000.0
1909,1000.0
1910,1000.0
1911,128.29
1912,1000.0
1913,313.0
1914,1000.0
1915,1000.0
1916,1000.0
1917,1000.0
1918,1000.0
1919,1000.0
1920,1000.0
1921,1000.0
1922,540.0
1923,1000.0
1924,753.0
1925,116.75
1926,1000.0
1927,1000.0
1928,1000.0
1929,1000.0
1930,1000.0
1931,1000.0
1932,193.0
1933,115.0
1934,1000.0
1935,1000.0
1936,133.43
1937,1000.0
1938,1000.0
1939,1000.0
1940,1000.0
1941,1000.0
1942,1000.0
1943,186.0
1944,1000.0
1945,1000.0
1946,144.4
1947,1000.0
1948,1000.0
1949,1000.0
1950,1000.0
1951,869.0
1952,1000.0
1953,1000.0
1954,529.0
1955,884.0
1956,305.33
1957,155.5
1958,111.0
1959,1000.0
1960,1000.0
1961,1000.0
1962,118.38
1963,1000.0
1964,1000.0
1965,539.0
1966,1000.0
1967,1000.0
1968,166.8
1969,1000.0
1970,1000.0
1971,267.5
1972,1000.0
1973,1000.0
1974,1000.0
1975,1000.0
1976,1000.0
1977,1000.0
1978,1000.0
1979,1000.0
1980,144.0
1981,1000.0
1982,1000.0
1983,1000.0
1984,1000.0
1985,1000.0
1986,252.0
1987,1000.0
1988,343.0
1989,237.25
1990,316.0
1991,169.33
1992,389.0
1993,1000.0
1994,1000.0
1995,296.0
1996,283.0
1997,208.5
1998,1000.0
1999,1000.0
2000,1000.0
2001,108.89
2002,82.67
2003,1000.0
2004,166.0
2005,1000.0
2006,148.83
2007,1000.0
2008,1000.0
2009,460.0
2010,1000.0
2011,474.5
2012,1000.0
2013,128.0
2014,1000.0
2015,1000.0
2016,1000.0
2017,80.92
2018,1000.0
2019,960.0
2020,1000.0
2021,1000.0
2022,1000.0
2023,262.0
2024,1000.0
2025,1000.0
2026,1000.0
2027,1000.0
2028,1000.0
2029,1000.0
2030,1000.0
2031,1000.0
2032,1000.0
2033,1000.0
2034,1000.0
2035,103.11
2036,1000.0
2037,1000.0
2038,1000.0
2039,1000.0
2040,1000.0
2041,85.0
2042,329.33
2043,1000.0
2044,1000.0
2045,200.75
2046,1000.0
2047,95.0
2048,135.0
2049,1000.0
2050,1000.0
2051,364.5
2052,1000.0
2053,1000.0
2054,224.33
2055,1000.0
2056,1000.0
2057,1000.0
2058,1000.0
2059,1000.0
2060,1000.0
2061,1000.0
2062,1000.0
2063,192.0
2064,1000.0
2065,1000.0
2066,1000.0
2067,1000.0
2068,117.0
2069,330.0
2070,1000.0
2071,1000.0
2072,1000.0
2073,158.0
2074,1000.0
2075,261.0
2076,157.67
2077,1000.0
2078,1000.0
2079,119.38
2080,118.38
2081,225.25
2082,1000.0
2083,132.67
2084,198.0
2085,1000.0
2086,1000.0
2087,1000.0
2088,322.0
2089,1000.0
2090,1000.0
2091,331.0
2092,186.0
2093,147.0
2094,550.0
2095,1000.0
2096,245.5
2097,1000.0
2098,140.67
2099,214.0
2100,1000.0
2101,248.75
2102,1000.0
2103,97.0
2104,134.86
2105,232.0
2106,1000.0
2107,1000.0
2108,1000.0
2109,1000.0
2110,1000.0
2111,1000.0
2112,1000.0
2113,174.5
2114,1000.0
2115,1000.0
2116,1000.0
2117,134.33
2118,144.0
2119,1000.0
2120,384.0
2121,403.5
2122,1000.0
2123,1000.0
2124,1000.0
2125,1000.0
2126,217.0
2127,1000.0
2128,142.0
2129,110.12
2130,1000.0
2131,248.67
2132,203.0
2133,1000.0
2134,174.2
2135,1000.0
2136,291.67
2137,1000.0
2138,291.5
2139,1000.0
2140,138.0
2141,460.0
2142,105.0
2143,1000.0
2144,1000.0
2145,147.0
2146,317.67
2147,1000.0
2148,1000.0
2149,346.0
2150,421.0
2151,1000.0
2152,1000.0
2153,1000.0
2154,1000.0
2155,1000.0
2156,1000.0
2157,128.67
2158,1000.0
2159,1000.0
2160,108.25
2161,295.0
2162,1000.0
2163,1000.0
2164,1000.0
2165,743.0
2166,1000.0
2167,1000.0
2168,1000.0
2169,1000.0
2170,1000.0
2171,1000.0
2172,1000.0
2173,1000.0
2174,1000.0
2175,1000.0
2176,1000.0
2177,189.0
2178,463.5
2179,1000.0
2180,197.4
2181,1000.0
2182,295.0
2183,1000.0
2184,1000.0
2185,1000.0
2186,1000.0
2187,189.0
2188,188.2
2189,1000.0
2190,1000.0
2191,1000.0
2192,1000.0
2193,1000.0
2194,1000.0
2195,1000.0
2196,1000.0
2197,273.67
2198,1000.0
2199,422.5
2200,1000.0
2201,1000.0
2202,1000.0
2203,268.0
2204,243.75
2205,1000.0
2206,1000.0
2207,1000.0
2208,104.0
2209,1000.0
2210,131.0
2211,96.0
2212,1000.0
2213,1000.0
2214,1000.0
2215,320.33
2216,253.33
2217,674.0
2218,363.0
2219,135.0
2220,206.75
2221,1000.0
2222,1000.0
2223,1000.0
2224,1000.0
2225,1000.0
2226,168.6
2227,180.0
2228,260.0
2229,1000.0
2230,1000.0
2231,318.0
2232,177.0
2233,1000.0
2234,503.0
2235,1000.0
2236,1000.0
2237,1000.0
2238,954.0
2239,1000.0
2240,1000.0
2241,1000.0
2242,1000.0
2243,1000.0
2244,1000.0
2245,191.2
2246,1000.0
2247,1000.0
2248,1000.0
2249,606.0
2250,1000.0
2251,1000.0
2252,249.25
2253,181.0
2254,1000.0
2255,1000.0
2256,1000.0
2257,1000.0
2258,550.0
2259,1000.0
2260,1000.0
2261,92.0
2262,1000.0
2263,1000.0
2264,291.33
2265,1000.0
2266,1000.0
2267,344.0
2268,168.0
2269,1000.0
2270,1000.0
2271,1000.0
2272,1000.0
2273,1000.0
2274,1000.0
2275,1000.0
2276,1000.0
2277,128.57
2278,1000.0
2279,155.0
2280,1000.0
2281,1000.0
2282,1000.0
2283,1000.0
2284,1000.0
2285,1000.0
2286,1000.0
2287,1000.0
2288,1000.0
2289,143.0
2290,1000.0
2291,1000.0
2292,1000.0
2293,1000.0
2294,1000.0
2295,1000.0
2296,1000.0
2297,179.0
2298,1000.0
2299,1000.0
2300,1000.0
2301,1000.0
2302,244.0
2303,1000.0
2304,1000.0
2305,129.86
2306,601.0
2307,115.88
2308,1000.0
2309,1000.0
2310,1000.0
2311,1000.0
2312,1000.0
2313,94.1
2314,1000.0
2315,1000.0
2316,263.0
2317,1000.0
2318,542.0
2319,1000.0
2320,346.0
2321,1000.0
2322,1000.0
2323,288.33
2324,1000.0
2325,221.0
2326,161.0
2327,1000.0
2328,1000.0
2329,123.38
2330,166.33
2331,1000.0
2332,1000.0
2333,1000.0
2334,557.0
2335,172.0
2336,1000.0
2337,1000.0
2338,206.33
2339,318.0
2340,1000.0
2341,97.0
2342,121.0
2343,288.5
2344,1000.0
2345,212.5
2346,1000.0
2347,82.0
2348,1000.0
2349,963.0
2350,1000.0
2351,1000.0
2352,1000.0
2353,1000.0
2354,1000.0
2355,1000.0
2356,114.38
2357,1000.0
2358,330.5
2359,305.0
2360,493.0
2361,1000.0
2362,123.62
2363,1000.0
2364,1000.0
2365,1000.0
2366,1000.0
2367,1000.0
2368,1000.0
2369,1000.0
2370,117.25
2371,1000.0
2372,418.0
2373,1000.0
2374,1000.0
2375,1000.0
2376,1000.0
2377,1000.0
2378,56.0
2379,118.0
2380,1000.0
2381,196.6
2382,172.0
2383,173.6
2384,140.86
2385,219.0
2386,1000.0
2387,90.91
2388,1000.0
2389,422.0
2390,1000.0
2391,1000.0
2392,1000.0
2393,1000.0
2394,1000.0
2395,110.25
2396,1000.0
2397,1000.0
2398,1000.0
2399,1000.0
2400,1000.0
2401,214.25
2402,1000.0
2403,137.71
2404,1000.0
2405,178.8
2406,1000.0
2407,1000.0
2408,256.67
2409,1000.0
2410,852.0
2411,1000.0
2412,1000.0
2413,1000.0
2414,376.0
2415,1000.0
2416,461.0
2417,320.5
2418,876.0
2419,209.25
2420,1000.0
2421,156.67
2422,1000.0
2423,1000.0
2424,1000.0
2425,1000.0
2426,102.0
2427,1000.0
2428,146.0
2429,309.0
2430,1000.0
2431,1000.0
2432,132.86
2433,1000.0
2434,1000.0
2435,1000.0
2436,1000.0
2437,103.38
2438,1000.0
2439,1000.0
2440,1000.0
2441,113.62
2442,220.33
2443,1000.0
2444,263.5
2445,327.0
2446,145.5
2447,1000.0
2448,1000.0
2449,265.67
2450,1000.0
2451,1000.0
2452,1000.0
2453,1000.0
2454,424.5
2455,1000.0
2456,1000.0
2457,1000.0
2458,114.88
2459,1000.0
2460,1000.0
2461,577.0
2462,1000.0
2463,1000.0
2464,1000.0
2465,1000.0
2466,1000.0
2467,1000.0
2468,456.0
2469,327.33
2470,1000.0
2471,241.0
2472,1000.0
2473,1000.0
2474,1000.0
2475,1000.0
2476,1000.0
2477,149.0
2478,1000.0
2479,1000.0
2480,439.0
2481,1000.0
2482,152.0
2483,1000.0
2484,1000.0
2485,1000.0
2486,1000.0
2487,1000.0
2488,193.4
2489,127.5
2490,1000.0
2491,1000.0
2492,1000.0
2493,1000.0
2494,1000.0
2495,1000.0
2496,210.33
2497,140.0
2498,1000.0
2499,1000.0
2500,1000.0
2501,1000.0
2502,1000.0
2503,1000.0
2504,1000.0
2505,1000.0
2506,199.2
2507,1000.0
2508,1000.0
2509,80.0
2510,1000.0
2511,1000.0
2512,1000.0
2513,1000.0
2514,1000.0
2515,1000.0
2516,1000.0
2517,1000.0
2518,1000.0
2519,141.43
2520,482.0
2521,1000.0
2522,1000.0
2523,1000.0
2524,401.5
2525,160.67
2526,1000.0
2527,1000.0
2528,112.5
2529,120.88
2530,1000.0
2531,1000.0
2532,163.0
2533,1000.0
2534,1000.0
2535,301.0
2536,1000.0
2537,127.67
2538,158.33
2539,1000.0
2540,1000.0
2541,1000.0
2542,1000.0
2543,382.0
2544,1000.0
2545,1000.0
2546,1000.0
2547,1000.0
2548,1000.0
2549,1000.0
2550,1000.0
2551,1000.0
2552,115.12
2553,1000.0
2554,1000.0
2555,105.67
2556,1000.0
2557,251.67
2558,1000.0
2559,1000.0
2560,1000.0
2561,333.0
2562,1000.0
2563,138.29
2564,1000.0
2565,1000.0
2566,400.0
2567,1000.0
2568,1000.0
2569,1000.0
2570,295.0
2571,83.5
2572,1000.0
2573,582.0
2574,1000.0
2575,195.0
2576,1000.0
2577,1000.0
2578,1000.0
2579,207.0
2580,1000.0
2581,1000.0
2582,1000.0
2583,1000.0
2584,1000.0
2585,1000.0
2586,1000.0
2587,1000.0
2588,1000.0
2589,130.86
2590,1000.0
2591,1000.0
2592,1000.0
2593,1000.0
2594,1000.0
2595,312.0
2596,1000.0
2597,1000.0
2598,174.75
2599,1000.0
2600,1000.0
2601,237.0
2602,1000.0
2603,1000.0
2604,1000.0
2605,168.0
2606,1000.0
2607,92.7
2608,109.11
2609,1000.0
2610,133.33
2611,380.0
2612,321.33
2613,1000.0
2614,1000.0
2615,1000.0
2616,1000.0
2617,1000.0
2618,174.4
2619,1000.0
2620,86.0
2621,1000.0
2622,556.0
2623,1000.0
2624,1000.0
2625,1000.0
2626,1000.0
2627,124.33
2628,458.0
2629,1000.0
2630,1000.0
2631,1000.0
2632,322.33
2633,105.0
2634,204.0
2635,1000.0
2636,1000.0
2637,1000.0
2638,1000.0
2639,1000.0
2640,105.78
2641,181.5
2642,249.0
2643,130.67
2644,1000.0
2645,151.17
2646,175.2
2647,229.5
2648,1000.0
2649,1000.0
2650,469.0
2651,69.0
2652,1000.0
2653,1000.0
2654,1000.0
2655,1000.0
2656,149.33
2657,1000.0
2658,1000.0
2659,1000.0
2660,1000.0
2661,35.0
2662,196.0
2663,1000.0
2664,1000.0
2665,1000.0
2666,1000.0
2667,1000.0
2668,1000.0
2669,1000.0
2670,1000.0
2671,619.0
2672,463.5
2673,1000.0
2674,1000.0
2675,1000.0
2676,1000.0
2677,1000.0
2678,1000.0
2679,1000.0
2680,1000.0
2681,165.0
2682,1000.0
2683,1000.0
2684,158.8
2685,242.25
2686,183.4
2687,1000.0
2688,1000.0
2689,1000.0
2690,1000.0
2691,1000.0
2692,504.0
2693,245.0
2694,1000.0
2695,240.33
2696,1000.0
2697,1000.0
2698,1000.0
2699,111.25
2700,118.33
2701,1000.0
2702,1000.0
2703,1000.0
2704,1000.0
2705,1000.0
2706,1000.0
2707,236.0
2708,1000.0
2709,1000.0
2710,1000.0
2711,1000.0
2712,148.33
2713,1000.0
2714,1000.0
2715,249.0
2716,1000.0
2717,1000.0
2718,296.0
2719,1000.0
2720,1000.0
2721,162.0
2722,1000.0
2723,1000.0
2724,1000.0
2725,1000.0
2726,1000.0
2727,1000.0
2728,281.0
2729,1000.0
2730,344.0
2731,165.6
2732,1000.0
2733,1000.0
2734,175.4
2735,1000.0
2736,366.0
2737,1000.0
2738,1000.0
2739,1000.0
2740,94.6
2741,1000.0
2742,376.5
2743,223.0
2744,329.0
2745,1000.0
2746,1000.0
2747,1000.0
2748,1000.0
2749,1000.0
2750,1000.0
2751,151.0
2752,1000.0
2753,1000.0
2754,1000.0
2755,134.67
2756,1000.0
2757,1000.0
2758,1000.0
2759,1000.0
2760,1000.0
2761,1000.0
2762,252.33
2763,1000.0
2764,107.89
2765,1000.0
2766,1000.0
2767,449.5
2768,1000.0
2769,1000.0
2770,1000.0
2771,1000.0
2772,1000.0
2773,1000.0
2774,224.0
2775,244.0
2776,1000.0
2777,1000.0
2778,1000.0
2779,504.0
2780,1000.0
2781,1000.0
2782,136.0
2783,1000.0
2784,158.0
2785,1000.0
2786,188.4
2787,1000.0
2788,325.67
2789,1000.0
2790,1000.0
2791,1000.0
2792,1000.0
2793,1000.0
2794,1000.0
2795,1000.0
2796,137.0
2797,411.0
2798,1000.0
2799,1000.0
2800,307.67
2801,174.6
2802,1000.0
2803,1000.0
2804,1000.0
2805,1000.0
2806,1000.0
2807,1000.0
2808,526.0
2809,1000.0
2810,182.0
2811,1000.0
2812,1000.0
2813,1000.0
2814,1000.0
2815,177.33
2816,796.0
2817,1000.0
2818,1000.0
2819,173.0
2820,1000.0
2821,298.0
2822,142.71
2823,350.0
2824,1000.0
2825,348.0
2826,1000.0
2827,1000.0
2828,192.2
2829,1000.0
2830,1000.0
2831,195.67
2832,1000.0
2833,1000.0
2834,100.0
2835,1000.0
2836,1000.0
2837,133.14
2838,581.0
2839,1000.0
2840,103.0
2841,95.25
2842,1000.0
2843,1000.0
2844,308.0
2845,204.67
2846,191.0
2847,268.67
2848,1000.0
2849,1000.0
2850,1000.0
2851,106.0
2852,80.67
2853,1000.0
2854,1000.0
2855,1000.0
2856,172.0
2857,1000.0
2858,1000.0
2859,1000.0
2860,1000.0
2861,483.0
2862,1000.0
2863,115.0
2864,349.5
2865,1000.0
2866,1000.0
2867,1000.0
2868,1000.0
2869,110.22
2870,1000.0
2871,1000.0
2872,1000.0
2873,1000.0
2874,327.33
2875,1000.0
2876,1000.0
2877,1000.0
2878,208.5
2879,207.0
2880,302.5
2881,1000.0
2882,1000.0
2883,1000.0
2884,133.14
2885,1000.0
2886,295.33
2887,85.0
2888,1000.0
2889,325.0
2890,1000.0
2891,1000.0
2892,1000.0
2893,212.0
2894,140.6
2895,1000.0
2896,1000.0
2897,1000.0
2898,1000.0
2899,1000.0
2900,108.0
2901,1000.0
2902,236.75
2903,114.0
2904,1000.0
2905,1000.0
2906,1000.0
2907,1000.0
2908,1000.0
2909,152.0
2910,1000.0
2911,134.0
2912,1000.0
2913,161.33
2914,1000.0
2915,183.4
2916,1000.0
2917,1000.0
2918,1000.0
2919,1000.0
2920,161.0
2921,104.0
2922,1000.0
2923,1000.0
2924,1000.0
2925,1000.0
2926,1000.0
2927,137.5
2928,1000.0
2929,128.57
2930,1000.0
2931,1000.0
2932,1000.0
2933,1000.0
2934,105.12
2935,324.5
2936,1000.0
2937,491.0
2938,340.0
2939,109.75
2940,1000.0
2941,144.75
2942,159.5
2943,138.86
2944,1000.0
2945,146.17
2946,1000.0
2947,1000.0
2948,1000.0
2949,1000.0
2950,1000.0
2951,154.2
2952,112.75
2953,136.5
2954,233.33
2955,1000.0
2956,1000.0
2957,1000.0
2958,137.71
2959,103.0
2960,1000.0
2961,1000.0
2962,1000.0
2963,1000.0
2964,1000.0
2965,1000.0
2966,301.0
2967,541.0
2968,1000.0
2969,171.0
2970,1000.0
2971,136.14
2972,1000.0
2973,1000.0
2974,1000.0
2975,1000.0
2976,1000.0
2977,200.0
2978,99.6
2979,1000.0
2980,1000.0
2981,1000.0
2982,239.67
2983,1000.0
2984,1000.0
2985,476.0
2986,1000.0
2987,1000.0
2988,1000.0
2989,1000.0
2990,1000.0
2991,1000.0
2992,1000.0
2993,1000.0
2994,1000.0
2995,1000.0
2996,215.75
2997,454.0
2998,1000.0
2999,118.88
3000,1000.0
3001,1000.0
3002,1000.0
3003,1000.0
3004,1000.0
3005,1000.0
3006,187.0
3007,1000.0
3008,1000.0
3009,1000.0
3010,103.0
3011,475.0
3012,1000.0
3013,1000.0
3014,455.0
3015,320.0
3016,1000.0
3017,1000.0
3018,1000.0
3019,196.6
3020,1000.0
3021,1000.0
3022,192.0
3023,1000.0
3024,1000.0
3025,1000.0
3026,1000.0
3027,1000.0
3028,268.0
3029,1000.0
3030,169.0
3031,216.0
3032,277.0
3033,290.33
3034,1000.0
3035,244.25
3036,1000.0
3037,201.0
3038,1000.0
3039,205.0
3040,243.0
3041,1000.0
3042,117.38
3043,1000.0
3044,635.0
3045,1000.0
3046,1000.0
3047,190.4
3048,128.29
3049,1000.0
3050,123.0
3051,1000.0
3052,172.0
3053,1000.0
3054,1000.0
3055,93.75
3056,1000.0
3057,1000.0
3058,1000.0
3059,147.33
3060,1000.0
3061,1000.0
3062,634.0
3063,1000.0
3064,1000.0
3065,1000.0
3066,186.0
3067,1000.0
3068,89.73
3069,1000.0
3070,748.0
3071,1000.0
3072,501.0
3073,1000.0
3074,1000.0
3075,1000.0
3076,141.0
3077,1000.0
3078,1000.0
3079,98.0
3080,1000.0
3081,1000.0
3082,390.0
3083,478.0
3084,1000.0
3085,1000.0
3086,290.33
3087,256.0
3088,1000.0
3089,1000.0
3090,1000.0
3091,1000.0
3092,1000.0
3093,1000.0
3094,1000.0
3095,1000.0
3096,1000.0
3097,1000.0
3098,1000.0
3099,1000.0
3100,1000.0
3101,118.5
3102,1000.0
3103,1000.0
3104,101.75
3105,1000.0
3106,1000.0
3107,98.7
3108,1000.0
3109,1000.0
3110,193.6
3111,1000.0
3112,182.0
3113,1000.0
3114,1000.0
3115,1000.0
3116,1000.0
3117,1000.0
3118,1000.0
3119,320.33
3120,1000.0
3121,152.0
3122,119.75
3123,197.4
3124,1000.0
3125,1000.0
3126,1000.0
3127,1000.0
3128,462.5
3129,1000.0
3130,1000.0
3131,1000.0
3132,147.5
3133,1000.0
3134,1000.0
3135,105.44
3136,187.5
3137,1000.0
3138,130.14
3139,234.75
3140,95.0
3141,1000.0
3142,1000.0
3143,1000.0
3144,139.5
3145,1000.0
3146,1000.0
3147,1000.0
3148,1000.0
3149,104.33
3150,1000.0
3151,1000.0
3152,552.0
3153,1000.0
3154,112.67
3155,1000.0
3156,1000.0
3157,169.0
3158,1000.0
3159,1000.0
3160,194.8
3161,1000.0
3162,1000.0
3163,1000.0
3164,273.0
3165,1000.0
3166,1000.0
3167,1000.0
3168,670.0
3169,1000.0
3170,272.0
3171,1000.0
3172,1000.0
3173,434.0
3174,1000.0
3175,1000.0
3176,1000.0
3177,1000.0
3178,1000.0
3179,1000.0
3180,1000.0
3181,355.5
3182,489.5
3183,144.0
3184,327.0
3185,182.6
3186,1000.0
3187,1000.0
3188,269.0
3189,1000.0
3190,1000.0
3191,1000.0
3192,1000.0
3193,1000.0
3194,1000.0
3195,1000.0
3196,132.0
3197,1000.0
3198,1000.0
3199,1000.0
3200,119.38
3201,1000.0
3202,1000.0
3203,1000.0
3204,1000.0
3205,1000.0
3206,396.0
3207,812.0
3208,1000.0
3209,1000.0
3210,1000.0
3211,1000.0
3212,279.0
3213,1000.0
3214,219.75
3215,171.0
3216,1000.0
3217,1000.0
3218,1000.0
3219,107.0
3220,107.12
3221,244.0
3222,1000.0
3223,114.43
3224,1000.0
3225,1000.0
3226,277.33
3227,1000.0
3228,1000.0
3229,542.0
3230,1000.0
3231,1000.0
3232,1000.0
3233,116.0
3234,164.0
3235,159.67
3236,1000.0
3237,276.0
3238,1000.0
3239,1000.0
3240,1000.0
3241,1000.0
3242,1000.0
3243,1000.0
3244,200.0
3245,1000.0
3246,1000.0
3247,1000.0
3248,1000.0
3249,279.33
3250,1000.0
3251,108.67
3252,1000.0
3253,243.0
3254,1000.0
3255,315.33
3256,132.0
3257,1000.0
3258,1000.0
3259,1000.0
3260,405.0
3261,1000.0
3262,1000.0
3263,1000.0
3264,165.83
3265,1000.0
3266,107.78
3267,1000.0
3268,1000.0
3269,284.67
3270,79.0
3271,503.0
3272,1000.0
3273,184.25
3274,1000.0
3275,1000.0
3276,1000.0
3277,1000.0
3278,212.5
3279,1000.0
3280,1000.0
3281,1000.0
3282,1000.0
3283,1000.0
3284,1000.0
3285,279.0
3286,1000.0
3287,190.33
3288,1000.0
3289,1000.0
3290,1000.0
3291,1000.0
3292,145.83
3293,1000.0
3294,1000.0
3295,1000.0
3296,1000.0
3297,1000.0
3298,1000.0
3299,1000.0
3300,1000.0
3301,1000.0
3302,1000.0
3303,1000.0
3304,1000.0
3305,388.5
3306,1000.0
3307,192.5
3308,1000.0
3309,317.5
3310,1000.0
3311,1000.0
3312,1000.0
3313,1000.0
3314,396.0
3315,1000.0
3316,1000.0
3317,156.0
3318,1000.0
3319,1000.0
3320,327.0
3321,1000.0
3322,261.0
3323,164.17
3324,197.0
3325,1000.0
3326,1000.0
3327,1000.0
3328,1000.0
3329,1000.0
3330,1000.0
3331,374.5
3332,1000.0
3333,1000.0
3334,341.0
3335,1000.0
3336,124.5
3337,1000.0
3338,137.71
3339,1000.0
3340,1000.0
3341,172.67
3342,299.0
3343,331.0
3344,1000.0
3345,370.0
3346,1000.0
3347,1000.0
3348,317.33
3349,1000.0
3350,1000.0
3351,80.0
3352,425.0
3353,426.0
3354,1000.0
3355,1000.0
3356,1000.0
3357,1000.0
3358,130.29
3359,211.75
3360,225.0
3361,1000.0
3362,99.44
3363,1000.0
3364,191.0
3365,1000.0
3366,646.0
3367,105.0
3368,311.0
3369,1000.0
3370,1000.0
3371,1000.0
3372,1000.0
3373,117.0
3374,1000.0
3375,248.25
3376,1000.0
3377,818.0
3378,1000.0
3379,239.0
3380,307.0
3381,1000.0
3382,1000.0
3383,457.0
3384,1000.0
3385,212.0
3386,1000.0
3387,1000.0
3388,1000.0
3389,113.0
3390,1000.0
3391,1000.0
3392,107.67
3393,1000.0
3394,94.5
3395,1000.0
3396,1000.0
3397,296.67
3398,1000.0
3399,1000.0
3400,1000.0
3401,1000.0
3402,176.2
3403,1000.0
3404,273.0
3405,261.0
3406,1000.0
3407,97.0
3408,382.0
3409,1000.0
3410,1000.0
3411,1000.0
3412,206.67
3413,1000.0
3414,1000.0
3415,1000.0
3416,1000.0
3417,1000.0
3418,1000.0
3419,96.86
3420,1000.0
3421,261.0
3422,1000.0
3423,1000.0
3424,1000.0
3425,1000.0
3426,1000.0
3427,1000.0
3428,1000.0
3429,1000.0
3430,184.67
3431,1000.0
3432,1000.0
3433,1000.0
3434,192.2
3435,139.0
3436,1000.0
3437,174.0
3438,148.0
3439,1000.0
3440,1000.0
3441,271.33
3442,1000.0
3443,1000.0
3444,1000.0
3445,236.67
3446,171.0
3447,1000.0
3448,109.78
3449,1000.0
3450,1000.0
3451,103.12
3452,1000.0
3453,181.0
3454,1000.0
3455,137.0
3456,1000.0
3457,1000.0
3458,1000.0
3459,1000.0
3460,187.0
3461,1000.0
3462,133.0
3463,1000.0
3464,1000.0
3465,250.0
3466,1000.0
3467,1000.0
3468,1000.0
3469,1000.0
3470,1000.0
3471,1000.0
3472,1000.0
3473,1000.0
3474,1000.0
3475,765.0
3476,1000.0
3477,387.0
3478,135.57
3479,1000.0
3480,1000.0
3481,936.0
3482,732.0
3483,1000.0
3484,1000.0
3485,1000.0
3486,1000.0
3487,1000.0
3488,1000.0
3489,1000.0
3490,1000.0
3491,1000.0
3492,1000.0
3493,925.0
3494,1000.0
3495,1000.0
3496,1000.0
3497,1000.0
3498,1000.0
3499,106.25
3500,159.33
3501,1000.0
3502,326.67
3503,1000.0
3504,1000.0
3505,1000.0
3506,465.5
3507,1000.0
3508,1000.0
3509,1000.0
3510,131.0
3511,133.0
3512,212.0
3513,484.5
3514,1000.0
3515,1000.0
3516,1000.0
3517,102.0
3518,410.5
3519,1000.0
3520,163.0
3521,178.0
3522,1000.0
3523,1000.0
3524,1000.0
3525,1000.0
3526,870.0
3527,1000.0
3528,425.5
3529,1000.0
3530,1000.0
3531,1000.0
3532,1000.0
3533,1000.0
3534,106.0
3535,1000.0
3536,1000.0
3537,1000.0
3538,1000.0
3539,1000.0
3540,1000.0
3541,1000.0
3542,1000.0
3543,1000.0
3544,1000.0
3545,1000.0
3546,239.0
3547,1000.0
3548,1000.0
3549,1000.0
3550,198.75
3551,1000.0
3552,118.38
3553,100.0
3554,106.0
3555,1000.0
3556,1000.0
3557,105.56
3558,1000.0
3559,1000.0
3560,1000.0
3561,1000.0
3562,1000.0
3563,105.56
3564,109.44
3565,92.7
3566,1000.0
3567,1000.0
3568,1000.0
3569,1000.0
3570,236.0
3571,1000.0
3572,238.25
3573,95.0
3574,1000.0
3575,299.0
3576,1000.0
3577,1000.0
3578,319.33
3579,218.25
3580,475.0
3581,317.0
3582,1000.0
3583,180.0
3584,1000.0
3585,1000.0
3586,1000.0
3587,1000.0
3588,1000.0
3589,1000.0
3590,1000.0
3591,289.33
3592,1000.0
3593,1000.0
3594,412.0
3595,1000.0
3596,135.0
3597,1000.0
3598,1000.0
3599,118.5
3600,1000.0
3601,1000.0
3602,1000.0
3603,499.5
3604,1000.0
3605,264.0
3606,1000.0
3607,100.0
3608,1000.0
3609,1000.0
3610,1000.0
3611,903.0
3612,331.0
3613,176.0
3614,365.5
3615,364.0
3616,146.0
3617,107.56
3618,1000.0
3619,1000.0
3620,1000.0
3621,1000.0
3622,173.0
3623,1000.0
3624,1000.0
3625,145.0
3626,1000.0
3627,172.67
3628,1000.0
3629,1000.0
3630,249.0
3631,1000.0
3632,1000.0
3633,200.0
3634,490.0
3635,864.0
3636,250.0
3637,1000.0
3638,125.29
3639,1000.0
3640,1000.0
3641,1000.0
3642,1000.0
3643,125.57
3644,1000.0
3645,416.0
3646,248.25
3647,61.56
3648,242.0
3649,166.33
3650,1000.0
3651,159.25
3652,1000.0
3653,187.6
3654,225.5
3655,1000.0
3656,320.5
3657,1000.0
3658,1000.0
3659,1000.0
3660,310.5
3661,1000.0
3662,246.75
3663,1000.0
3664,1000.0
3665,1000.0
3666,56.5
3667,233.0
3668,243.25
3669,284.0
3670,1000.0
3671,1000.0
3672,189.0
3673,331.33
3674,1000.0
3675,1000.0
3676,1000.0
3677,1000.0
3678,84.0
3679,233.0
3680,1000.0
3681,1000.0
3682,1000.0
3683,200.0
3684,1000.0
3685,1000.0
3686,1000.0
3687,1000.0
3688,101.25
3689,1000.0
3690,81.5
3691,1000.0
3692,84.0
3693,1000.0
3694,1000.0
3695,1000.0
3696,1000.0
3697,1000.0
3698,137.71
3699,1000.0
3700,1000.0
3701,1000.0
3702,1000.0
3703,1000.0
3704,1000.0
3705,184.25
3706,1000.0
3707,1000.0
3708,1000.0
3709,320.0
3710,1000.0
3711,274.0
3712,213.0
3713,1000.0
3714,1000.0
3715,1000.0
3716,1000.0
3717,460.0
3718,1000.0
3719,1000.0
3720,217.0
3721,1000.0
3722,103.0
3723,1000.0
3724,1000.0
3725,1000.0
3726,1000.0
3727,408.5
3728,1000.0
3729,102.78
3730,1000.0
3731,235.67
3732,170.4
3733,1000.0
3734,1000.0
3735,321.33
3736,1000.0
3737,1000.0
3738,1000.0
3739,1000.0
3740,1000.0
3741,1000.0
3742,102.11
3743,165.0
3744,1000.0
3745,512.0
3746,115.0
3747,136.57
3748,1000.0
3749,1000.0
3750,1000.0
3751,1000.0
3752,1000.0
3753,1000.0
3754,1000.0
3755,1000.0
3756,438.5
3757,123.0
3758,1000.0
3759,1000.0
3760,183.0
3761,1000.0
3762,175.67
3763,1000.0
3764,1000.0
3765,1000.0
3766,229.25
3767,199.0
3768,1000.0
3769,381.0
3770,1000.0
3771,290.5
3772,109.89
3773,92.0
3774,1000.0
3775,152.0
3776,1000.0
3777,393.0
3778,1000.0
3779,1000.0
3780,219.25
3781,1000.0
3782,1000.0
3783,1000.0
3784,213.5
3785,1000.0
3786,1000.0
3787,1000.0
3788,1000.0
3789,1000.0
3790,1000.0
3791,126.0
3792,1000.0
3793,1000.0
3794,1000.0
3795,1000.0
3796,1000.0
3797,215.0
3798,99.7
3799,382.0
3800,1000.0
3801,135.57
3802,1000.0
3803,1000.0
3804,105.56
3805,160.6
3806,1000.0
3807,1000.0
3808,136.33
3809,309.0
3810,1000.0
3811,1000.0
3812,180.8
3813,1000.0
3814,1000.0
3815,1000.0
3816,1000.0
3817,95.0
3818,918.0
3819,1000.0
3820,1000.0
3821,1000.0
3822,119.0
3823,175.6
3824,397.5
3825,341.5
3826,1000.0
3827,1000.0
3828,1000.0
3829,1000.0
3830,1000.0
3831,1000.0
3832,234.25
3833,478.5
3834,1000.0
3835,1000.0
3836,1000.0
3837,1000.0
3838,1000.0
3839,1000.0
3840,104.0
3841,1000.0
3842,1000.0
3843,1000.0
3844,1000.0
3845,126.57
3846,99.1
3847,232.75
3848,1000.0
3849,1000.0
3850,1000.0
3851,1000.0
3852,1000.0
3853,142.17
3854,281.33
3855,114.0
3856,1000.0
3857,231.5
3858,1000.0
3859,1000.0
3860,1000.0
3861,1000.0
3862,1000.0
3863,84.0
3864,1000.0
3865,1000.0
3866,1000.0
3867,254.67
3868,1000.0
3869,373.0
3870,1000.0
3871,1000.0
3872,1000.0
3873,1000.0
3874,96.0
3875,137.83
3876,1000.0
3877,1000.0
3878,123.25
3879,1000.0
3880,103.89
3881,329.0
3882,1000.0
3883,127.29
3884,1000.0
3885,1000.0
3886,281.0
3887,1000.0
3888,286.67
3889,1000.0
3890,1000.0
3891,118.8
3892,1000.0
3893,1000.0
3894,456.0
3895,1000.0
3896,1000.0
3897,1000.0
3898,169.0
3899,1000.0
3900,598.0
3901,107.0
3902,107.86
3903,1000.0
3904,1000.0
3905,1000.0
3906,1000.0
3907,216.0
3908,272.0
3909,223.0
3910,1000.0
3911,1000.0
3912,1000.0
3913,1000.0
3914,766.0
3915,1000.0
3916,247.5
3917,1000.0
3918,1000.0
3919,1000.0
3920,1000.0
3921,1000.0
3922,112.0
3923,1000.0
3924,131.0
3925,862.0
3926,1000.0
3927,1000.0
3928,268.33
3929,1000.0
3930,1000.0
3931,122.17
3932,204.25
3933,1000.0
3934,1000.0
3935,99.2
3936,182.2
3937,105.0
3938,1000.0
3939,118.0
3940,240.25
3941,1000.0
3942,1000.0
3943,486.5
3944,123.5
3945,1000.0
3946,61.0
3947,1000.0
3948,420.0
3949,1000.0
3950,1000.0
3951,1000.0
3952,793.0
3953,1000.0
3954,1000.0
3955,1000.0
3956,1000.0
3957,1000.0
3958,1000.0
3959,1000.0
3960,1000.0
3961,1000.0
3962,1000.0
3963,372.5
3964,220.5
3965,313.0
3966,1000.0
3967,1000.0
3968,484.0
3969,1000.0
3970,104.56
3971,237.0
3972,252.33
3973,1000.0
3974,1000.0
3975,1000.0
3976,1000.0
3977,1000.0
3978,189.0
3979,1000.0
3980,1000.0
3981,1000.0
3982,223.25
3983,1000.0
3984,1000.0
3985,1000.0
3986,1000.0
3987,1000.0
3988,139.71
3989,989.0
3990,1000.0
3991,104.67
3992,1000.0
3993,1000.0
3994,1000.0
3995,406.5
3996,116.12
3997,1000.0
3998,1000.0
3999,1000.0
4000,103.0
4001,110.0
4002,1000.0
4003,400.5
4004,1000.0
4005,99.0
4006,353.0
4007,1000.0
4008,1000.0
4009,179.0
4010,1000.0
4011,183.0
4012,91.25
4013,1000.0
4014,1000.0
4015,126.43
4016,1000.0
4017,1000.0
4018,1000.0
4019,1000.0
4020,1000.0
4021,1000.0
4022,407.5
4023,1000.0
4024,1000.0
4025,132.0
4026,1000.0
4027,1000.0
4028,102.0
4029,307.33
4030,277.0
4031,159.17
4032,505.0
4033,168.0
4034,237.0
4035,123.25
4036,262.67
4037,1000.0
4038,1000.0
4039,1000.0
4040,1000.0
4041,1000.0
4042,1000.0
4043,721.0
4044,1000.0
4045,1000.0
4046,1000.0
4047,1000.0
4048,714.0
4049,1000.0
4050,266.0
4051,1000.0
4052,428.5
4053,1000.0
4054,1000.0
4055,289.5
4056,1000.0
4057,1000.0
4058,1000.0
4059,256.0
4060,1000.0
4061,134.14
4062,248.0
4063,1000.0
4064,1000.0
4065,184.33
4066,1000.0
4067,1000.0
4068,1000.0
4069,1000.0
4070,1000.0
4071,1000.0
4072,261.67
4073,1000.0
4074,109.0
4075,1000.0
4076,1000.0
4077,1000.0
4078,1000.0
4079,1000.0
4080,1000.0
4081,109.11
4082,1000.0
4083,197.5
4084,370.0
4085,1000.0
4086,117.0
4087,1000.0
4088,1000.0
4089,328.0
4090,1000.0
4091,1000.0
4092,1000.0
4093,1000.0
4094,208.0
4095,1000.0
4096,218.0
4097,1000.0
4098,1000.0
4099,1000.0
4100,1000.0
4101,151.5
4102,356.0
4103,875.0
4104,1000.0
4105,1000.0
4106,1000.0
4107,155.0
4108,1000.0
4109,1000.0
4110,1000.0
4111,208.0
4112,123.0
4113,456.0
4114,1000.0
4115,1000.0
4116,1000.0
4117,1000.0
4118,433.0
4119,1000.0
4120,1000.0
4121,1000.0
4122,1000.0
4123,488.0
4124,1000.0
4125,1000.0
4126,139.25
4127,159.5
4128,1000.0
4129,1000.0
4130,196.8
4131,1000.0
4132,1000.0
4133,399.5
4134,1000.0
4135,1000.0
4136,1000.0
4137,1000.0
4138,1000.0
4139,281.0
4140,1000.0
4141,401.0
4142,1000.0
4143,1000.0
4144,1000.0
4145,696.0
4146,491.0
4147,455.0
4148,227.0
4149,108.83
4150,175.67
4151,1000.0
4152,1000.0
4153,1000.0
4154,390.0
4155,1000.0
4156,1000.0
4157,174.2
4158,1000.0
4159,1000.0
4160,1000.0
4161,1000.0
4162,1000.0
4163,663.0
4164,1000.0
4165,1000.0
4166,160.2
4167,774.0
4168,1000.0
4169,134.43
4170,1000.0
4171,1000.0
4172,1000.0
4173,1000.0
4174,1000.0
4175,1000.0
4176,172.4
4177,1000.0
4178,1000.0
4179,917.0
4180,1000.0
4181,1000.0
4182,1000.0
4183,204.5
4184,1000.0
4185,1000.0
4186,1000.0
4187,1000.0
4188,149.6
4189,1000.0
4190,1000.0
4191,99.3
4192,1000.0
4193,1000.0
4194,1000.0
4195,99.0
4196,300.0
4197,1000.0
4198,301.67
4199,1000.0
4200,133.86
4201,1000.0
4202,1000.0
4203,70.0
4204,1000.0
4205,1000.0
4206,1000.0
4207,181.0
4208,126.29
4209,1000.0
4210,130.0
4211,1000.0
4212,1000.0
4213,123.0
4214,1000.0
4215,156.0
4216,1000.0
4217,1000.0
4218,135.29
4219,1000.0
4220,1000.0
4221,1000.0
4222,1000.0
4223,1000.0
4224,102.44
4225,1000.0
4226,1000.0
4227,1000.0
4228,246.5
4229,106.56
4230,1000.0
4231,207.0
4232,1000.0
4233,1000.0
4234,253.0
4235,1000.0
4236,1000.0
4237,1000.0
4238,1000.0
4239,147.0
4240,1000.0
4241,1000.0
4242,286.0
4243,1000.0
4244,1000.0
4245,1000.0
4246,316.0
4247,1000.0
4248,1000.0
4249,1000.0
4250,129.71
4251,1000.0
4252,122.75
4253,1000.0
4254,1000.0
4255,1000.0
4256,1000.0
4257,210.0
4258,143.0
4259,1000.0
4260,1000.0
4261,577.0
4262,1000.0
4263,104.56
4264,1000.0
4265,1000.0
4266,1000.0
4267,1000.0
4268,1000.0
4269,227.25
4270,481.5
4271,1000.0
4272,1000.0
4273,166.67
4274,1000.0
4275,1000.0
4276,1000.0
4277,181.2
4278,314.5
4279,1000.0
4280,1000.0
4281,1000.0
4282,1000.0
4283,188.6
4284,1000.0
4285,1000.0
4286,213.0
4287,1000.0
4288,1000.0
4289,123.0
4290,1000.0
4291,1000.0
4292,1000.0
4293,175.0
4294,97.0
4295,1000.0
4296,1000.0
4297,215.0
4298,114.12
4299,181.33
4300,1000.0
4301,168.25
4302,1000.0
4303,1000.0
4304,1000.0
4305,1000.0
4306,156.0
4307,105.4
4308,316.67
4309,291.33
4310,1000.0
4311,274.0
4312,166.0
4313,1000.0
4314,1000.0
4315,257.67
4316,599.0
4317,90.55
4318,173.0
4319,1000.0
4320,1000.0
4321,1000.0
4322,1000.0
4323,1000.0
4324,1000.0
4325,132.43
4326,374.0
4327,1000.0
4328,217.0
4329,1000.0
4330,1000.0
4331,1000.0
4332,1000.0
4333,395.0
4334,1000.0
4335,1000.0
4336,1000.0
4337,1000.0
4338,1000.0
4339,1000.0
4340,1000.0
4341,1000.0
4342,1000.0
4343,205.5
4344,1000.0
4345,1000.0
4346,243.0
4347,323.5
4348,1000.0
4349,291.33
4350,261.67
4351,1000.0
4352,1000.0
4353,1000.0
4354,216.67
4355,248.75
4356,165.8
4357,1000.0
4358,1000.0
4359,395.0
4360,1000.0
4361,1000.0
4362,1000.0
4363,1000.0
4364,1000.0
4365,1000.0
4366,1000.0
4367,166.33
4368,189.0
4369,141.0
4370,152.5
4371,1000.0
4372,97.0
4373,1000.0
4374,158.67
4375,1000.0
4376,1000.0
4377,116.43
4378,1000.0
4379,1000.0
4380,1000.0
4381,1000.0
4382,1000.0
4383,1000.0
4384,1000.0
4385,107.0
4386,1000.0
4387,1000.0
4388,1000.0
4389,188.0
4390,159.33
4391,1000.0
4392,1000.0
4393,540.0
4394,287.67
4395,95.4
4396,1000.0
4397,1000.0
4398,1000.0
4399,222.5
4400,269.0
4401,1000.0
4402,1000.0
4403,1000.0
4404,98.11
4405,1000.0
4406,209.5
4407,1000.0
4408,150.17
4409,162.0
4410,1000.0
4411,1000.0
4412,1000.0
4413,1000.0
4414,1000.0
4415,1000.0
4416,501.0
4417,1000.0
4418,1000.0
4419,1000.0
4420,1000.0
4421,1000.0
4422,1000.0
4423,1000.0
4424,1000.0
4425,116.33
4426,1000.0
4427,1000.0
4428,1000.0
4429,1000.0
4430,210.0
4431,449.0
4432,90.09
4433,1000.0
4434,1000.0
4435,1000.0
4436,1000.0
4437,1000.0
4438,1000.0
4439,1000.0
4440,1000.0
4441,1000.0
4442,142.6
4443,1000.0
4444,1000.0
4445,148.5
4446,473.0
4447,231.75
4448,1000.0
4449,1000.0
4450,1000.0
4451,1000.0
4452,1000.0
4453,252.33
4454,1000.0
4455,1000.0
4456,1000.0
4457,318.33
4458,1000.0
4459,1000.0
4460,1000.0
4461,222.75
4462,1000.0
4463,1000.0
4464,180.0
4465,1000.0
4466,1000.0
4467,169.0
4468,1000.0
4469,1000.0
4470,1000.0
4471,82.67
4472,1000.0
4473,1000.0
4474,1000.0
4475,113.25
4476,1000.0
4477,1000.0
4478,1000.0
4479,1000.0
4480,374.5
4481,1000.0
4482,110.0
4483,238.0
4484,1000.0
4485,242.5
4486,1000.0
4487,1000.0
4488,1000.0
4489,102.33
4490,1000.0
4491,475.0
4492,1000.0
4493,1000.0
4494,1000.0
4495,1000.0
4496,133.14
4497,1000.0
4498,454.0
4499,1000.0
4500,123.88
4501,1000.0
4502,1000.0
4503,1000.0
4504,1000.0
4505,1000.0
4506,303.33
4507,1000.0
4508,186.67
4509,1000.0
4510,124.5
4511,1000.0
4512,196.5
4513,431.0
4514,1000.0
4515,221.67
4516,140.14
4517,1000.0
4518,1000.0
4519,1000.0
4520,1000.0
4521,128.0
4522,1000.0
4523,1000.0
4524,1000.0
4525,147.0
4526,1000.0
4527,1000.0
4528,1000.0
4529,89.5
4530,1000.0
4531,1000.0
4532,1000.0
4533,112.0
4534,1000.0
4535,114.88
4536,1000.0
4537,1000.0
4538,1000.0
4539,148.33
4540,1000.0
4541,1000.0
4542,1000.0
4543,269.0
4544,108.44
4545,1000.0
4546,201.75
4547,1000.0
4548,1000.0
4549,1000.0
4550,1000.0
4551,1000.0
4552,1000.0
4553,1000.0
4554,191.0
4555,107.0
4556,1000.0
4557,1000.0
4558,113.5
4559,1000.0
4560,295.5
4561,234.5
4562,1000.0
4563,122.5
4564,1000.0
4565,186.0
4566,1000.0
4567,1000.0
4568,1000.0
4569,1000.0
4570,104.0
4571,185.6
4572,1000.0
4573,1000.0
4574,1000.0
4575,1000.0
4576,1000.0
4577,1000.0
4578,1000.0
4579,1000.0
4580,1000.0
4581,1000.0
4582,1000.0
4583,1000.0
4584,595.0
4585,146.0
4586,950.0
4587,90.0
4588,1000.0
4589,1000.0
4590,521.0
4591,1000.0
4592,141.5
4593,1000.0
4594,185.8
4595,178.0
4596,1000.0
4597,1000.0
4598,192.8
4599,1000.0
4600,122.67
4601,1000.0
4602,1000.0
4603,1000.0
4604,1000.0
4605,1000.0
4606,1000.0
4607,1000.0
4608,1000.0
4609,1000.0
4610,1000.0
4611,1000.0
4612,1000.0
4613,272.33
4614,97.0
4615,1000.0
4616,408.0
4617,1000.0
4618,1000.0
4619,1000.0
4620,1000.0
4621,553.0
4622,1000.0
4623,1000.0
4624,1000.0
4625,99.33
4626,1000.0
4627,1000.0
4628,274.67
4629,1000.0
4630,1000.0
4631,1000.0
4632,1000.0
4633,1000.0
4634,87.0
4635,128.86
4636,153.0
4637,127.8
4638,124.5
4639,1000.0
4640,1000.0
4641,1000.0
4642,663.0
4643,1000.0
4644,645.0
4645,1000.0
4646,191.0
4647,1000.0
4648,1000.0
4649,161.33
4650,1000.0
4651,155.67
4652,276.33
4653,1000.0
4654,1000.0
4655,1000.0
4656,1000.0
4657,195.2
4658,1000.0
4659,391.0
4660,158.5
4661,1000.0
4662,1000.0
4663,397.0
4664,130.0
4665,103.0
4666,112.25
4667,1000.0
4668,463.0
4669,1000.0
4670,1000.0
4671,1000.0
4672,631.0
4673,264.0
4674,88.5
4675,111.0
4676,276.33
4677,1000.0
4678,1000.0
4679,1000.0
4680,1000.0
4681,1000.0
4682,1000.0
4683,338.0
4684,243.5
4685,1000.0
4686,1000.0
4687,1000.0
4688,1000.0
4689,31.0
4690,251.0
4691,1000.0
4692,192.0
4693,219.25
4694,212.0
4695,151.0
4696,231.5
4697,292.5
4698,1000.0
4699,160.0
4700,130.57
4701,255.0
4702,1000.0
4703,1000.0
4704,1000.0
4705,1000.0
4706,1000.0
4707,99.5
4708,1000.0
4709,146.4
4710,1000.0
4711,702.0
4712,1000.0
4713,432.0
4714,1000.0
4715,1000.0
4716,1000.0
4717,1000.0
4718,1000.0
4719,1000.0
4720,1000.0
4721,1000.0
4722,140.71
4723,1000.0
4724,1000.0
4725,1000.0
4726,1000.0
4727,1000.0
4728,1000.0
4729,428.0
4730,1000.0
4731,1000.0
4732,1000.0
4733,131.33
4734,1000.0
4735,1000.0
4736,1000.0
4737,211.25
4738,1000.0
4739,336.0
4740,1000.0
4741,1000.0
4742,1000.0
4743,134.86
4744,1000.0
4745,1000.0
4746,1000.0
4747,1000.0
4748,1000.0
4749,1000.0
4750,217.0
4751,283.33
4752,1000.0
4753,326.67
4754,296.0
4755,1000.0
4756,1000.0
4757,1000.0
4758,1000.0
4759,1000.0
4760,1000.0
4761,129.29
4762,277.0
4763,76.0
4764,313.67
4765,1000.0
4766,1000.0
4767,115.0
4768,1000.0
4769,1000.0
4770,308.0
4771,118.12
4772,397.0
4773,1000.0
4774,204.5
4775,1000.0
4776,1000.0
4777,1000.0
4778,1000.0
4779,1000.0
4780,587.0
4781,1000.0
4782,1000.0
4783,1000.0
4784,189.6
4785,1000.0
4786,1000.0
4787,1000.0
4788,384.0
4789,119.0
4790,1000.0
4791,315.0
4792,318.0
4793,1000.0
4794,212.0
4795,1000.0
4796,1000.0
4797,1000.0
4798,1000.0
4799,272.33
4800,187.8
4801,103.0
4802,1000.0
4803,1000.0
4804,188.5
4805,379.0
4806,1000.0
4807,1000.0
4808,438.0
4809,218.75
4810,129.43
4811,1000.0
4812,1000.0
4813,241.0
4814,1000.0
4815,138.86
4816,166.33
4817,1000.0
4818,1000.0
4819,1000.0
4820,1000.0
4821,1000.0
4822,1000.0
4823,1000.0
4824,1000.0
4825,1000.0
4826,1000.0
4827,1000.0
4828,219.5
4829,1000.0
4830,1000.0
4831,279.33
4832,1000.0
4833,266.0
4834,1000.0
4835,138.0
4836,471.0
4837,1000.0
4838,1000.0
4839,1000.0
4840,1000.0
4841,1000.0
4842,1000.0
4843,1000.0
4844,87.55
4845,420.0
4846,1000.0
4847,1000.0
4848,1000.0
4849,1000.0
4850,1000.0
4851,1000.0
4852,143.5
4853,1000.0
4854,1000.0
4855,179.0
4856,1000.0
4857,1000.0
4858,1000.0
4859,1000.0
4860,1000.0
4861,283.67
4862,1000.0
4863,125.0
4864,1000.0
4865,1000.0
4866,1000.0
4867,1000.0
4868,402.0
4869,1000.0
4870,1000.0
4871,1000.0
4872,120.12
4873,1000.0
4874,166.0
4875,1000.0
4876,84.14
4877,244.75
4878,1000.0
4879,1000.0
4880,1000.0
4881,1000.0
4882,1000.0
4883,1000.0
4884,1000.0
4885,273.5
4886,244.5
4887,1000.0
4888,110.44
4889,1000.0
4890,1000.0
4891,1000.0
4892,84.0
4893,1000.0
4894,1000.0
4895,1000.0
4896,1000.0
4897,1000.0
4898,1000.0
4899,1000.0
4900,1000.0
4901,1000.0
4902,1000.0
4903,1000.0
4904,81.5
4905,1000.0
4906,551.0
4907,1000.0
4908,1000.0
4909,1000.0
4910,1000.0
4911,103.0
4912,543.0
4913,1000.0
4914,1000.0
4915,1000.0
4916,1000.0
4917,1000.0
4918,1000.0
4919,154.33
4920,102.0
4921,178.0
4922,306.0
4923,1000.0
4924,1000.0
4925,108.33
4926,1000.0
4927,1000.0
4928,1000.0
4929,304.33
4930,1000.0
4931,1000.0
4932,1000.0
4933,1000.0
4934,1000.0
4935,1000.0
4936,249.0
4937,465.0
4938,1000.0
4939,104.67
4940,108.4
4941,1000.0
4942,1000.0
4943,1000.0
4944,128.4
4945,1000.0
4946,1000.0
4947,1000.0
4948,1000.0
4949,1000.0
4950,1000.0
4951,1000.0
4952,504.0
4953,1000.0
4954,1000.0
4955,122.86
4956,1000.0
4957,126.43
4958,1000.0
4959,1000.0
4960,1000.0
4961,243.0
4962,1000.0
4963,142.67
4964,1000.0
4965,96.0
4966,1000.0
4967,946.0
4968,732.0
4969,1000.0
4970,1000.0
4971,689.0
4972,1000.0
4973,101.0
4974,1000.0
4975,1000.0
4976,1000.0
4977,1000.0
4978,98.89
4979,161.0
4980,1000.0
4981,1000.0
4982,1000.0
4983,1000.0
4984,1000.0
4985,1000.0
4986,248.0
4987,1000.0
4988,229.25
4989,135.86
4990,1000.0
4991,1000.0
4992,1000.0
4993,544.0
4994,1000.0
4995,1000.0
4996,1000.0
4997,1000.0
4998,1000.0
4999,243.5
5000,1000.0
5001,1000.0
5002,1000.0
5003,142.0
5004,123.29
5005,1000.0
5006,1000.0
5007,230.0
5008,148.0
5009,170.5
5010,1000.0
5011,296.0
5012,202.5
5013,1000.0
5014,199.0
5015,1000.0
5016,185.0
5017,1000.0
5018,1000.0
5019,176.2
5020,1000.0
5021,202.0
5022,1000.0
5023,136.33
5024,1000.0
5025,1000.0
5026,146.0
5027,1000.0
5028,1000.0
5029,1000.0
5030,1000.0
5031,318.33
5032,1000.0
5033,1000.0
5034,1000.0
5035,1000.0
5036,1000.0
5037,1000.0
5038,1000.0
5039,1000.0
5040,1000.0
5041,1000.0
5042,157.17
5043,169.0
5044,1000.0
5045,1000.0
5046,1000.0
5047,201.67
5048,673.0
5049,95.5
5050,495.5
5051,82.67
5052,1000.0
5053,1000.0
5054,679.0
5055,1000.0
5056,1000.0
5057,262.0
5058,1000.0
5059,377.5
5060,195.0
5061,286.0
5062,184.0
5063,1000.0
5064,268.33
5065,1000.0
5066,170.0
5067,1000.0
5068,1000.0
5069,1000.0
5070,114.62
5071,1000.0
5072,299.5
5073,1000.0
5074,1000.0
5075,1000.0
5076,132.67
5077,1000.0
5078,1000.0
5079,1000.0
5080,137.0
5081,1000.0
5082,796.0
5083,1000.0
5084,1000.0
5085,100.11
5086,1000.0
5087,1000.0
5088,1000.0
5089,1000.0
5090,98.2
5091,1000.0
5092,1000.0
5093,273.33
5094,1000.0
5095,211.75
5096,1000.0
5097,1000.0
5098,1000.0
5099,161.33
5100,1000.0
5101,132.0
5102,1000.0
5103,409.5
5104,1000.0
5105,1000.0
5106,1000.0
5107,1000.0
5108,1000.0
5109,1000.0
5110,1000.0
5111,1000.0
5112,1000.0
5113,1000.0
5114,1000.0
5115,1000.0
5116,1000.0
5117,1000.0
5118,1000.0
5119,207.75
5120,1000.0
5121,309.67
5122,199.0
5123,1000.0
5124,168.0
5125,1000.0
5126,1000.0
5127,1000.0
5128,1000.0
5129,214.0
5130,1000.0
5131,1000.0
5132,1000.0
5133,387.0
5134,1000.0
5135,1000.0
5136,1000.0
5137,627.0
5138,1000.0
5139,690.0
5140,1000.0
5141,1000.0
5142,1000.0
5143,321.0
5144,194.8
5145,1000.0
5146,1000.0
5147,1000.0
5148,1000.0
5149,1000.0
5150,1000.0
5151,1000.0
5152,1000.0
5153,1000.0
5154,1000.0
5155,1000.0
5156,147.4
5157,1000.0
5158,1000.0
5159,402.0
5160,1000.0
5161,110.88
5162,244.0
5163,112.5
5164,206.0
5165,340.0
5166,1000.0
5167,1000.0
5168,542.0
5169,316.33
5170,1000.0
5171,474.0
5172,273.0
5173,1000.0
5174,313.0
5175,1000.0
5176,1000.0
5177,109.0
5178,1000.0
5179,323.5
5180,79.92
5181,1000.0
5182,311.67
5183,1000.0
5184,103.67
5185,268.0
5186,1000.0
5187,1000.0
5188,376.5
5189,1000.0
5190,1000.0
5191,1000.0
5192,237.5
5193,1000.0
5194,1000.0
5195,116.5
5196,1000.0
5197,1000.0
5198,110.78
5199,1000.0
5200,257.67
5201,1000.0
5202,493.0
5203,170.0
5204,1000.0
5205,1000.0
5206,378.0
5207,1000.0
5208,1000.0
5209,165.5
5210,215.5
5211,98.14
5212,137.0
5213,266.0
5214,104.78
5215,1000.0
5216,272.0
5217,1000.0
5218,174.0
5219,1000.0
5220,1000.0
5221,1000.0
5222,1000.0
5223,1000.0
5224,112.62
5225,1000.0
5226,107.0
5227,1000.0
5228,1000.0
5229,118.5
5230,1000.0
5231,1000.0
5232,1000.0
5233,95.75
5234,1000.0
5235,1000.0
5236,1000.0
5237,289.67
5238,169.6
5239,191.0
5240,1000.0
5241,156.0
5242,1000.0
5243,1000.0
5244,1000.0
5245,1000.0
5246,73.62
5247,1000.0
5248,1000.0
5249,1000.0
5250,114.0
5251,1000.0
5252,1000.0
5253,1000.0
5254,1000.0
5255,1000.0
5256,226.33
5257,268.5
5258,288.0
5259,128.0
5260,1000.0
5261,240.0
5262,1000.0
5263,1000.0
5264,196.4
5265,1000.0
5266,1000.0
5267,271.33
5268,1000.0
5269,418.0
5270,136.33
5271,1000.0
5272,1000.0
5273,1000.0
5274,87.36
5275,223.0
5276,1000.0
5277,100.5
5278,1000.0
5279,1000.0
5280,1000.0
5281,244.5
5282,1000.0
5283,313.0
5284,1000.0
5285,1000.0
5286,1000.0
5287,1000.0
5288,1000.0
5289,1000.0
5290,399.0
5291,1000.0
5292,317.33
5293,1000.0
5294,170.0
5295,233.0
5296,75.0
5297,186.6
5298,1000.0
5299,1000.0
5300,728.0
5301,1000.0
5302,284.0
5303,1000.0
5304,1000.0
5305,105.78
5306,1000.0
5307,1000.0
5308,1000.0
5309,456.0
5310,1000.0
5311,1000.0
5312,108.56
5313,1000.0
5314,1000.0
5315,1000.0
5316,152.0
5317,1000.0
5318,1000.0
5319,259.0
5320,1000.0
5321,1000.0
5322,120.38
5323,1000.0
5324,227.0
5325,1000.0
5326,180.0
5327,1000.0
5328,1000.0
5329,138.17
5330,421.0
5331,124.5
5332,453.0
5333,415.0
5334,1000.0
5335,102.0
5336,282.0
5337,109.0
5338,1000.0
5339,1000.0
5340,141.71
5341,1000.0
5342,302.0
5343,405.0
5344,232.67
5345,220.0
5346,159.0
5347,1000.0
5348,1000.0
5349,157.0
5350,1000.0
5351,1000.0
5352,1000.0
5353,248.5
5354,1000.0
5355,1000.0
5356,1000.0
5357,335.5
5358,117.75
5359,129.0
5360,1000.0
5361,1000.0
5362,1000.0
5363,1000.0
5364,1000.0
5365,1000.0
5366,1000.0
5367,1000.0
5368,1000.0
5369,1000.0
5370,233.0
5371,1000.0
5372,128.86
5373,1000.0
5374,1000.0
5375,1000.0
5376,1000.0
5377,261.0
5378,1000.0
5379,1000.0
5380,1000.0
5381,1000.0
5382,1000.0
5383,1000.0
5384,1000.0
5385,1000.0
5386,1000.0
5387,434.0
5388,775.0
5389,105.0
5390,1000.0
5391,1000.0
5392,1000.0
5393,1000.0
5394,398.0
5395,1000.0
5396,1000.0
5397,1000.0
5398,1000.0
5399,1000.0
5400,1000.0
5401,562.0
5402,211.75
5403,432.5
5404,219.0
5405,270.0
5406,1000.0
5407,322.5
5408,1000.0
5409,373.0
5410,1000.0
5411,1000.0
5412,1000.0
5413,1000.0
5414,99.0
5415,164.6
5416,1000.0
5417,1000.0
5418,1000.0
5419,142.43
5420,204.0
5421,382.0
5422,1000.0
5423,1000.0
5424,1000.0
5425,148.25
5426,205.67
5427,1000.0
5428,261.5
5429,118.0
5430,170.25
5431,1000.0
5432,1000.0
5433,1000.0
5434,1000.0
5435,272.5
5436,1000.0
5437,90.6
5438,1000.0
5439,1000.0
5440,268.0
5441,1000.0
5442,114.0
5443,1000.0
5444,1000.0
5445,1000.0
5446,1000.0
5447,1000.0
5448,103.0
5449,220.5
5450,1000.0
5451,1000.0
5452,390.5
5453,1000.0
5454,1000.0
5455,1000.0
5456,121.0
5457,1000.0
5458,142.0
5459,1000.0
5460,1000.0
5461,1000.0
5462,858.0
5463,1000.0
5464,1000.0
5465,388.5
5466,134.0
5467,255.67
5468,529.0
5469,157.0
5470,1000.0
5471,1000.0
5472,1000.0
5473,1000.0
5474,1000.0
5475,1000.0
5476,149.2
5477,344.0
5478,296.67
5479,139.0
5480,1000.0
5481,1000.0
5482,257.67
5483,1000.0
5484,1000.0
5485,1000.0
5486,1000.0
5487,120.62
5488,1000.0
5489,123.0
5490,1000.0
5491,1000.0
5492,1000.0
5493,1000.0
5494,1000.0
5495,1000.0
5496,1000.0
5497,1000.0
5498,121.38
5499,1000.0
5500,1000.0
5501,444.5
5502,1000.0
5503,1000.0
5504,135.67
5505,1000.0
5506,234.0
5507,492.5
5508,104.0
5509,291.67
5510,166.17
5511,1000.0
5512,950.0
5513,1000.0
5514,1000.0
5515,106.67
5516,1000.0
5517,111.71
5518,1000.0
5519,159.0
5520,1000.0
5521,1000.0
5522,163.0
5523,1000.0
5524,1000.0
5525,1000.0
5526,1000.0
5527,1000.0
5528,1000.0
5529,1000.0
5530,1000.0
5531,240.25
5532,199.6
5533,1000.0
5534,1000.0
5535,1000.0
5536,1000.0
5537,161.0
5538,120.38
5539,1000.0
5540,421.5
5541,249.0
5542,1000.0
5543,1000.0
5544,1000.0
5545,1000.0
5546,1000.0
5547,1000.0
5548,1000.0
5549,1000.0
5550,1000.0
5551,1000.0
5552,154.0
5553,181.0
5554,221.25
5555,1000.0
5556,1000.0
5557,1000.0
5558,1000.0
5559,1000.0
5560,221.5
5561,1000.0
5562,1000.0
5563,1000.0
5564,1000.0
5565,1000.0
5566,274.33
5567,1000.0
5568,331.0
5569,1000.0
5570,432.5
5571,104.0
5572,121.75
5573,1000.0
5574,1000.0
5575,96.0
5576,216.0
5577,1000.0
5578,1000.0
5579,1000.0
5580,1000.0
5581,1000.0
5582,1000.0
5583,1000.0
5584,139.17
5585,137.29
5586,111.0
5587,1000.0
5588,1000.0
5589,1000.0
5590,324.33
5591,265.0
5592,1000.0
5593,295.0
5594,264.33
5595,1000.0
5596,1000.0
5597,1000.0
5598,1000.0
5599,1000.0
5600,1000.0
5601,1000.0
5602,1000.0
5603,139.67
5604,1000.0
5605,241.0
5606,1000.0
5607,1000.0
5608,1000.0
5609,200.5
5610,295.67
5611,182.0
5612,293.33
5613,1000.0
5614,1000.0
5615,1000.0
5616,1000.0
5617,129.71
5618,635.0
5619,1000.0
5620,101.22
5621,264.0
5622,165.2
5623,1000.0
5624,1000.0
5625,1000.0
5626,85.73
5627,1000.0
5628,103.0
5629,254.0
5630,1000.0
5631,1000.0
5632,120.5
5633,163.0
5634,153.6
5635,1000.0
5636,170.33
5637,1000.0
5638,104.0
5639,1000.0
5640,1000.0
5641,1000.0
5642,1000.0
5643,144.0
5644,1000.0
5645,1000.0
5646,1000.0
5647,1000.0
5648,1000.0
5649,310.67
5650,1000.0
5651,207.0
5652,1000.0
5653,70.0
5654,1000.0
5655,1000.0
5656,1000.0
5657,1000.0
5658,1000.0
5659,1000.0
5660,210.0
5661,452.5
5662,910.0
5663,1000.0
5664,210.67
5665,1000.0
5666,1000.0
5667,755.0
5668,1000.0
5669,1000.0
5670,1000.0
5671,1000.0
5672,1000.0
5673,1000.0
5674,1000.0
5675,1000.0
5676,1000.0
5677,1000.0
5678,1000.0
5679,1000.0
5680,1000.0
5681,170.4
5682,1000.0
5683,1000.0
5684,1000.0
5685,1000.0
5686,565.0
5687,1000.0
5688,179.0
5689,1000.0
5690,1000.0
5691,362.0
5692,1000.0
5693,1000.0
5694,105.0
5695,1000.0
5696,1000.0
5697,1000.0
5698,1000.0
5699,1000.0
5700,221.0
5701,1000.0
5702,1000.0
5703,213.67
5704,1000.0
5705,1000.0
5706,1000.0
5707,503.0
5708,247.0
5709,92.33
5710,240.25
5711,1000.0
5712,1000.0
5713,1000.0
5714,366.5
5715,1000.0
5716,1000.0
5717,1000.0
5718,1000.0
5719,1000.0
5720,1000.0
5721,1000.0
5722,1000.0
5723,183.0
5724,107.44
5725,1000.0
5726,1000.0
5727,1000.0
5728,1000.0
5729,1000.0
5730,340.5
5731,1000.0
5732,1000.0
5733,1000.0
5734,139.29
5735,1000.0
5736,177.8
5737,1000.0
5738,1000.0
5739,697.0
5740,1000.0
5741,105.11
5742,128.71
5743,1000.0
5744,1000.0
5745,1000.0
5746,1000.0
5747,1000.0
5748,1000.0
5749,1000.0
5750,1000.0
5751,1000.0
5752,122.38
5753,1000.0
5754,1000.0
5755,1000.0
5756,1000.0
5757,1000.0
5758,124.12
5759,1000.0
5760,1000.0
5761,1000.0
5762,1000.0
5763,1000.0
5764,115.5
5765,104.5
5766,1000.0
5767,1000.0
5768,228.5
5769,1000.0
5770,1000.0
5771,1000.0
5772,1000.0
5773,168.75
5774,1000.0
5775,1000.0
5776,146.0
5777,1000.0
5778,1000.0
5779,1000.0
5780,1000.0
5781,1000.0
5782,1000.0
5783,1000.0
5784,1000.0
5785,275.0
5786,1000.0
5787,1000.0
5788,1000.0
5789,1000.0
5790,1000.0
5791,1000.0
5792,163.0
5793,1000.0
5794,1000.0
5795,1000.0
5796,162.0
5797,1000.0
5798,1000.0
5799,1000.0
5800,424.5
5801,169.0
5802,1000.0
5803,1000.0
5804,154.83
5805,1000.0
5806,133.14
5807,1000.0
5808,1000.0
5809,1000.0
5810,1000.0
5811,1000.0
5812,1000.0
5813,1000.0
5814,1000.0
5815,1000.0
5816,1000.0
5817,149.0
5818,1000.0
5819,217.0
5820,993.0
5821,1000.0
5822,158.6
5823,1000.0
5824,1000.0
5825,423.0
5826,1000.0
5827,1000.0
5828,1000.0
5829,1000.0
5830,1000.0
5831,1000.0
5832,1000.0
5833,371.0
5834,417.5
5835,1000.0
5836,220.25
5837,148.33
5838,1000.0
5839,1000.0
5840,220.25
5841,1000.0
5842,1000.0
5843,1000.0
5844,1000.0
5845,141.71
5846,1000.0
5847,124.38
5848,1000.0
5849,1000.0
5850,394.0
5851,1000.0
5852,1000.0
5853,138.33
5854,172.4
5855,257.5
5856,1000.0
5857,1000.0
5858,1000.0
5859,400.5
5860,1000.0
5861,1000.0
5862,1000.0
5863,330.0
5864,1000.0
5865,1000.0
5866,1000.0
5867,270.5
5868,1000.0
5869,1000.0
5870,1000.0
5871,1000.0
5872,1000.0
5873,1000.0
5874,276.0
5875,472.0
5876,1000.0
5877,246.5
5878,1000.0
5879,322.0
5880,658.0
5881,1000.0
5882,1000.0
5883,1000.0
5884,1000.0
5885,1000.0
5886,1000.0
5887,1000.0
5888,1000.0
5889,210.0
5890,621.0
5891,1000.0
5892,1000.0
5893,416.0
5894,1000.0
5895,1000.0
5896,1000.0
5897,79.5
5898,1000.0
5899,342.0
5900,1000.0
5901,1000.0
5902,1000.0
5903,1000.0
5904,102.0
5905,1000.0
5906,1000.0
5907,159.17
5908,1000.0
5909,1000.0
5910,1000.0
5911,487.5
5912,1000.0
5913,1000.0
5914,262.0
5915,1000.0
5916,662.0
5917,1000.0
5918,1000.0
5919,228.75
5920,1000.0
5921,421.0
5922,1000.0
5923,1000.0
5924,1000.0
5925,1000.0
5926,483.5
5927,1000.0
5928,1000.0
5929,770.0
5930,1000.0
5931,1000.0
5932,1000.0
5933,1000.0
5934,1000.0
5935,1000.0
5936,1000.0
5937,1000.0
5938,1000.0
5939,1000.0
5940,1000.0
5941,1000.0
5942,1000.0
5943,1000.0
5944,355.0
5945,1000.0
5946,1000.0
5947,1000.0
5948,1000.0
5949,1000.0
5950,210.67
5951,1000.0
5952,1000.0
5953,139.14
5954,251.0
5955,1000.0
5956,1000.0
5957,196.75
5958,1000.0
5959,191.5
5960,371.5
5961,1000.0
5962,1000.0
5963,1000.0
5964,1000.0
5965,288.0
5966,1000.0
5967,464.5
5968,1000.0
5969,1000.0
5970,1000.0
5971,1000.0
5972,1000.0
5973,233.0
5974,1000.0
5975,1000.0
5976,1000.0
5977,297.0
5978,1000.0
5979,1000.0
5980,1000.0
5981,1000.0
5982,1000.0
5983,498.0
5984,1000.0
5985,1000.0
5986,1000.0
5987,1000.0
5988,1000.0
5989,1000.0
5990,1000.0
5991,1000.0
5992,354.0
5993,1000.0
5994,1000.0
5995,226.0
5996,1000.0
5997,1000.0
5998,279.0
5999,1000.0
6000,1000.0
6001,1000.0
6002,1000.0
6003,1000.0
6004,167.2
6005,1000.0
6006,221.5
6007,1000.0
6008,1000.0
6009,1000.0
6010,1000.0
6011,1000.0
6012,1000.0
6013,107.0
6014,134.71
6015,1000.0
6016,165.6
6017,1000.0
6018,421.0
6019,1000.0
6020,1000.0
6021,1000.0
6022,138.67
6023,305.0
6024,1000.0
6025,526.0
6026,111.75
6027,1000.0
6028,1000.0
6029,451.0
6030,1000.0
6031,1000.0
6032,1000.0
6033,1000.0
6034,1000.0
6035,1000.0
6036,1000.0
6037,1000.0
6038,1000.0
6039,1000.0
6040,1000.0
6041,1000.0
6042,1000.0
6043,111.0
6044,99.22
6045,197.0
6046,1000.0
6047,69.5
6048,196.25
6049,230.33
6050,569.0
6051,1000.0
6052,1000.0
6053,1000.0
6054,1000.0
6055,1000.0
6056,1000.0
6057,119.38
6058,1000.0
6059,1000.0
6060,1000.0
6061,1000.0
6062,1000.0
6063,317.67
6064,1000.0
6065,151.0
6066,1000.0
6067,1000.0
6068,214.5
6069,1000.0
6070,1000.0
6071,1000.0
6072,1000.0
6073,1000.0
6074,218.0
6075,158.5
6076,271.67
6077,1000.0
6078,227.0
6079,1000.0
6080,1000.0
6081,1000.0
6082,1000.0
6083,236.0
6084,1000.0
6085,1000.0
6086,1000.0
6087,1000.0
6088,106.33
6089,1000.0
6090,1000.0
6091,433.0
6092,1000.0
6093,1000.0
6094,124.5
6095,238.0
6096,1000.0
6097,1000.0
6098,130.0
6099,400.0
6100,1000.0
6101,151.0
6102,1000.0
6103,1000.0
6104,390.5
6105,1000.0
6106,1000.0
6107,1000.0
6108,145.83
6109,1000.0
6110,1000.0
6111,1000.0
6112,131.29
6113,575.0
6114,471.5
6115,1000.0
6116,1000.0
6117,1000.0
6118,1000.0
6119,1000.0
6120,185.5
6121,1000.0
6122,1000.0
6123,140.0
6124,132.0
6125,1000.0
6126,237.0
6127,84.25
6128,359.5
6129,152.0
6130,1000.0
6131,1000.0
6132,1000.0
6133,1000.0
6134,1000.0
6135,224.5
6136,126.0
6137,1000.0
6138,1000.0
6139,1000.0
6140,1000.0
6141,1000.0
6142,117.0
6143,103.8
6144,1000.0
6145,439.0
6146,79.5
6147,1000.0
6148,240.75
6149,102.0
6150,1000.0
6151,1000.0
6152,1000.0
6153,185.8
6154,1000.0
6155,1000.0
6156,1000.0
6157,1000.0
6158,1000.0
6159,153.0
6160,1000.0
6161,451.0
6162,308.0
6163,1000.0
6164,229.0
6165,131.29
6166,1000.0
6167,1000.0
6168,1000.0
6169,310.67
6170,189.0
6171,1000.0
6172,183.0
6173,1000.0
6174,1000.0
6175,1000.0
6176,243.25
6177,1000.0
6178,408.5
6179,1000.0
6180,1000.0
6181,385.0
6182,91.0
6183,1000.0
6184,286.0
6185,1000.0
6186,881.0
6187,460.0
6188,167.0
6189,1000.0
6190,81.0
6191,1000.0
6192,127.43
6193,1000.0
6194,294.0
6195,1000.0
6196,120.83
6197,1000.0
6198,1000.0
6199,1000.0
6200,1000.0
6201,648.0
6202,246.75
6203,1000.0
6204,1000.0
6205,1000.0
6206,392.5
6207,1000.0
6208,94.5
6209,303.0
6210,99.67
6211,1000.0
6212,183.8
6213,1000.0
6214,121.0
6215,92.11
6216,71.0
6217,315.33
6218,1000.0
6219,1000.0
6220,209.0
6221,1000.0
6222,315.0
6223,1000.0
6224,307.33
6225,181.0
6226,1000.0
6227,216.5
6228,223.25
6229,127.14
6230,1000.0
6231,325.33
6232,1000.0
6233,1000.0
6234,81.45
6235,261.0
6236,192.5
6237,1000.0
6238,1000.0
6239,1000.0
6240,1000.0
6241,1000.0
6242,1000.0
6243,1000.0
6244,652.0
6245,483.0
6246,354.0
6247,202.0
6248,1000.0
6249,1000.0
6250,116.75
6251,1000.0
6252,1000.0
6253,1000.0
6254,1000.0
6255,218.25
6256,104.22
6257,106.0
6258,241.5
6259,1000.0
6260,1000.0
6261,1000.0
6262,1000.0
6263,1000.0
6264,221.0
6265,1000.0
6266,1000.0
6267,305.0
6268,1000.0
6269,1000.0
6270,330.5
6271,1000.0
6272,337.0
6273,1000.0
6274,1000.0
6275,431.0
6276,1000.0
6277,1000.0
6278,1000.0
6279,1000.0
6280,190.25
6281,224.25
6282,141.17
6283,1000.0
6284,318.5
6285,1000.0
6286,303.5
6287,1000.0
6288,1000.0
6289,1000.0
6290,616.0
6291,198.0
6292,901.0
6293,274.0
6294,104.33
6295,184.0
6296,1000.0
6297,1000.0
6298,1000.0
6299,1000.0
6300,1000.0
6301,202.33
6302,1000.0
6303,309.33
6304,1000.0
6305,95.5
6306,1000.0
6307,381.0
6308,213.25
6309,1000.0
6310,1000.0
6311,1000.0
6312,1000.0
6313,242.0
6314,399.0
6315,178.0
6316,1000.0
6317,327.67
6318,1000.0
6319,1000.0
6320,1000.0
6321,1000.0
6322,164.67
6323,194.8
6324,1000.0
6325,1000.0
6326,1000.0
6327,146.2
6328,172.8
6329,1000.0
6330,1000.0
6331,126.57
6332,1000.0
6333,101.0
6334,1000.0
6335,329.67
6336,1000.0
6337,112.33
6338,1000.0
6339,1000.0
6340,197.8
6341,1000.0
6342,1000.0
6343,1000.0
6344,141.0
6345,1000.0
6346,232.0
6347,149.5
6348,256.0
6349,1000.0
6350,1000.0
6351,92.33
6352,1000.0
6353,1000.0
6354,86.5
6355,1000.0
6356,150.5
6357,1000.0
6358,1000.0
6359,95.6
6360,1000.0
6361,193.0
6362,623.0
6363,1000.0
6364,196.0
6365,1000.0
6366,1000.0
6367,1000.0
6368,91.5
6369,300.67
6370,157.33
6371,1000.0
6372,1000.0
6373,378.5
6374,161.67
6375,717.0
6376,1000.0
6377,161.5
6378,107.25
6379,146.75
6380,1000.0
6381,1000.0
6382,1000.0
6383,176.0
6384,1000.0
6385,1000.0
6386,1000.0
6387,195.0
6388,1000.0
6389,1000.0
6390,283.67
6391,1000.0
6392,216.0
6393,152.0
6394,246.0
6395,435.0
6396,1000.0
6397,1000.0
6398,164.17
6399,1000.0
6400,371.5
6401,1000.0
6402,1000.0
6403,1000.0
6404,1000.0
6405,1000.0
6406,144.25
6407,177.0
6408,163.83
6409,1000.0
6410,1000.0
6411,1000.0
6412,178.6
6413,150.0
6414,142.86
6415,1000.0
6416,1000.0
6417,1000.0
6418,1000.0
6419,1000.0
6420,1000.0
6421,1000.0
6422,1000.0
6423,1000.0
6424,1000.0
6425,1000.0
6426,899.0
6427,1000.0
6428,1000.0
6429,1000.0
6430,1000.0
6431,1000.0
6432,522.0
6433,1000.0
6434,1000.0
6435,1000.0
6436,1000.0
6437,969.0
6438,1000.0
6439,1000.0
6440,1000.0
6441,914.0
6442,1000.0
6443,1000.0
6444,1000.0
6445,1000.0
6446,1000.0
6447,1000.0
6448,1000.0
6449,1000.0
6450,1000.0
6451,1000.0
6452,1000.0
6453,1000.0
6454,189.75
6455,1000.0
6456,1000.0
6457,618.0
6458,1000.0
6459,216.75
6460,236.0
6461,1000.0
6462,395.5
6463,1000.0
6464,1000.0
6465,220.0
6466,106.6
6467,403.0
6468,1000.0
6469,1000.0
6470,1000.0
6471,1000.0
6472,65.0
6473,1000.0
6474,1000.0
6475,1000.0
6476,1000.0
6477,1000.0
6478,297.0
6479,1000.0
6480,106.78
6481,287.33
6482,1000.0
6483,1000.0
6484,1000.0
6485,1000.0
6486,1000.0
6487,1000.0
6488,1000.0
6489,229.5
6490,1000.0
6491,1000.0
6492,1000.0
6493,244.0
6494,1000.0
6495,1000.0
6496,1000.0
6497,1000.0
6498,290.67
6499,130.0
6500,1000.0
6501,101.33
6502,1000.0
6503,1000.0
6504,1000.0
6505,1000.0
6506,1000.0
6507,1000.0
6508,315.0
6509,1000.0
6510,1000.0
6511,183.0
6512,640.0
6513,1000.0
6514,1000.0
6515,1000.0
6516,1000.0
6517,1000.0
6518,88.57
6519,1000.0
6520,1000.0
6521,665.0
6522,117.5
6523,1000.0
6524,1000.0
6525,882.0
6526,163.67
6527,1000.0
6528,1000.0
6529,274.67
6530,125.57
6531,1000.0
6532,1000.0
6533,1000.0
6534,419.5
6535,1000.0
6536,1000.0
6537,1000.0
6538,1000.0
6539,1000.0
6540,1000.0
6541,1000.0
6542,427.5
6543,1000.0
6544,117.12
6545,1000.0
6546,256.67
6547,1000.0
6548,1000.0
6549,1000.0
6550,142.0
6551,121.88
6552,180.0
6553,1000.0
6554,1000.0
6555,1000.0
6556,131.4
6557,1000.0
6558,1000.0
6559,355.0
6560,201.75
6561,1000.0
6562,1000.0
6563,1000.0
6564,1000.0
6565,1000.0
6566,546.0
6567,120.0
6568,477.0
6569,1000.0
6570,1000.0
6571,132.57
6572,445.0
6573,227.25
6574,233.67
6575,1000.0
6576,1000.0
6577,1000.0
6578,1000.0
6579,127.5
6580,1000.0
6581,140.29
6582,1000.0
6583,205.0
6584,1000.0
6585,206.25
6586,1000.0
6587,268.67
6588,381.0
6589,1000.0
6590,1000.0
6591,1000.0
6592,1000.0
6593,128.0
6594,1000.0
6595,1000.0
6596,419.0
6597,1000.0
6598,1000.0
6599,581.0
6600,1000.0
6601,1000.0
6602,158.0
6603,990.0
6604,88.33
6605,1000.0
6606,1000.0
6607,136.0
6608,1000.0
6609,1000.0
6610,1000.0
6611,1000.0
6612,1000.0
6613,1000.0
6614,1000.0
6615,255.0
6616,1000.0
6617,1000.0
6618,1000.0
6619,73.0
6620,105.0
6621,734.0
6622,1000.0
6623,1000.0
6624,1000.0
6625,1000.0
6626,1000.0
6627,1000.0
6628,1000.0
6629,83.0
6630,1000.0
6631,1000.0
6632,243.25
6633,1000.0
6634,693.0
6635,189.0
6636,89.67
6637,1000.0
6638,192.0
6639,1000.0
6640,1000.0
6641,1000.0
6642,1000.0
6643,1000.0
6644,737.0
6645,328.0
6646,438.0
6647,1000.0
6648,1000.0
6649,1000.0
6650,1000.0
6651,1000.0
6652,102.67
6653,1000.0
6654,184.0
6655,1000.0
6656,1000.0
6657,1000.0
6658,1000.0
6659,1000.0
6660,411.0
6661,1000.0
6662,328.0
6663,108.0
6664,166.4
6665,1000.0
6666,1000.0
6667,1000.0
6668,1000.0
6669,1000.0
6670,190.2
6671,1000.0
6672,1000.0
6673,187.8
6674,415.0
6675,1000.0
6676,130.86
6677,1000.0
6678,1000.0
6679,218.0
6680,1000.0
6681,106.11
6682,295.0
6683,111.0
6684,1000.0
6685,1000.0
6686,1000.0
6687,1000.0
6688,285.33
6689,1000.0
6690,1000.0
6691,1000.0
6692,1000.0
6693,1000.0
6694,1000.0
6695,1000.0
6696,267.67
6697,123.67
6698,1000.0
6699,162.5
6700,191.5
6701,1000.0
6702,1000.0
6703,1000.0
6704,1000.0
6705,148.0
6706,1000.0
6707,1000.0
6708,1000.0
6709,1000.0
6710,276.0
6711,231.0
6712,1000.0
6713,487.5
6714,138.0
6715,1000.0
6716,1000.0
6717,1000.0
6718,1000.0
6719,1000.0
6720,1000.0
6721,209.0
6722,1000.0
6723,140.71
6724,1000.0
6725,1000.0
6726,1000.0
6727,1000.0
6728,132.0
6729,129.0
6730,1000.0
6731,109.0
6732,121.38
6733,1000.0
6734,153.0
6735,1000.0
6736,1000.0
6737,1000.0
6738,1000.0
6739,187.6
6740,1000.0
6741,138.57
6742,1000.0
6743,286.33
6744,545.0
6745,1000.0
6746,1000.0
6747,1000.0
6748,1000.0
6749,1000.0
6750,437.5
6751,1000.0
6752,1000.0
6753,1000.0
6754,109.0
6755,396.5
6756,92.5
6757,311.67
6758,1000.0
6759,1000.0
6760,1000.0
6761,246.0
6762,276.67
6763,424.0
6764,1000.0
6765,1000.0
6766,89.27
6767,1000.0
6768,1000.0
6769,94.1
6770,313.0
6771,1000.0
6772,1000.0
6773,910.0
6774,142.71
6775,1000.0
6776,128.71
6777,1000.0
6778,290.5
6779,1000.0
6780,185.0
6781,762.0
6782,297.0
6783,249.0
6784,126.43
6785,122.0
6786,1000.0
6787,374.0
6788,1000.0
6789,1000.0
6790,1000.0
6791,1000.0
6792,1000.0
6793,127.0
6794,1000.0
6795,1000.0
6796,1000.0
6797,1000.0
6798,1000.0
6799,154.17
6800,1000.0
6801,1000.0
6802,1000.0
6803,106.67
6804,315.0
6805,1000.0
6806,1000.0
6807,188.0
6808,1000.0
6809,1000.0
6810,1000.0
6811,306.0
6812,382.0
6813,201.5
6814,1000.0
6815,1000.0
6816,1000.0
6817,125.0
6818,1000.0
6819,1000.0
6820,1000.0
6821,1000.0
6822,133.71
6823,181.6
6824,1000.0
6825,1000.0
6826,90.2
6827,491.0
6828,194.0
6829,1000.0
6830,1000.0
6831,1000.0
6832,1000.0
6833,213.75
6834,245.5
6835,1000.0
6836,1000.0
6837,192.0
6838,1000.0
6839,167.6
6840,457.5
6841,473.5
6842,1000.0
6843,1000.0
6844,167.8
6845,1000.0
6846,371.5
6847,386.5
6848,1000.0
6849,1000.0
6850,1000.0
6851,194.0
6852,1000.0
6853,529.0
6854,1000.0
6855,1000.0
6856,1000.0
6857,1000.0
6858,1000.0
6859,1000.0
6860,1000.0
6861,1000.0
6862,1000.0
6863,144.0
6864,1000.0
6865,1000.0
6866,1000.0
6867,1000.0
6868,1000.0
6869,307.0
6870,1000.0
6871,1000.0
6872,1000.0
6873,1000.0
6874,1000.0
6875,1000.0
6876,1000.0
6877,1000.0
6878,1000.0
6879,104.33
6880,1000.0
6881,324.5
6882,1000.0
6883,1000.0
6884,1000.0
6885,982.0
6886,1000.0
6887,166.4
6888,1000.0
6889,1000.0
6890,1000.0
6891,1000.0
6892,142.43
6893,1000.0
6894,1000.0
6895,1000.0
6896,1000.0
6897,1000.0
6898,1000.0
6899,1000.0
6900,372.0
6901,1000.0
6902,123.5
6903,1000.0
6904,1000.0
6905,305.5
6906,1000.0
6907,972.0
6908,1000.0
6909,1000.0
6910,259.33
6911,1000.0
6912,116.5
6913,1000.0
6914,244.5
6915,1000.0
6916,1000.0
6917,1000.0
6918,99.0
6919,1000.0
6920,1000.0
6921,1000.0
6922,226.0
6923,1000.0
6924,1000.0
6925,1000.0
6926,1000.0
6927,1000.0
6928,102.22
6929,1000.0
6930,1000.0
6931,686.0
6932,1000.0
6933,109.88
6934,434.0
6935,1000.0
6936,109.0
6937,1000.0
6938,1000.0
6939,1000.0
6940,185.0
6941,1000.0
6942,1000.0
6943,1000.0
6944,87.73
6945,1000.0
6946,154.0
6947,1000.0
6948,1000.0
6949,189.0
6950,1000.0
6951,1000.0
6952,175.0
6953,152.67
6954,1000.0
6955,1000.0
6956,1000.0
6957,1000.0
6958,1000.0
6959,99.67
6960,1000.0
6961,1000.0
6962,1000.0
6963,1000.0
6964,248.25
6965,422.5
6966,1000.0
6967,737.0
6968,1000.0
6969,1000.0
6970,1000.0
6971,1000.0
6972,1000.0
6973,1000.0
6974,1000.0
6975,420.0
6976,1000.0
6977,1000.0
6978,1000.0
6979,99.6
6980,1000.0
6981,1000.0
6982,1000.0
6983,524.0
6984,1000.0
6985,1000.0
6986,215.0
6987,104.5
6988,1000.0
6989,114.67
6990,483.5
6991,170.5
6992,1000.0
6993,1000.0
6994,1000.0
6995,82.0
6996,1000.0
6997,237.5
6998,1000.0
6999,145.0
7000,1000.0
7001,113.5
7002,1000.0
7003,1000.0
7004,123.75
7005,1000.0
7006,1000.0
7007,149.0
7008,235.5
7009,152.0
7010,1000.0
7011,412.0
7012,1000.0
7013,167.0
7014,1000.0
7015,1000.0
7016,1000.0
7017,1000.0
7018,1000.0
7019,1000.0
7020,277.67
7021,1000.0
7022,1000.0
7023,1000.0
7024,348.0
7025,1000.0
7026,1000.0
7027,1000.0
7028,1000.0
7029,1000.0
7030,1000.0
7031,1000.0
7032,1000.0
7033,280.0
7034,1000.0
7035,1000.0
7036,1000.0
7037,332.0
7038,174.0
7039,1000.0
7040,1000.0
7041,1000.0
7042,96.7
7043,1000.0
7044,1000.0
7045,420.0
7046,127.0
7047,1000.0
7048,1000.0
7049,1000.0
7050,317.0
7051,212.5
7052,1000.0
7053,1000.0
7054,1000.0
7055,1000.0
7056,1000.0
7057,1000.0
7058,1000.0
7059,1000.0
7060,1000.0
7061,1000.0
7062,1000.0
7063,270.33
7064,1000.0
7065,515.0
7066,1000.0
7067,1000.0
7068,1000.0
7069,184.0
7070,105.0
7071,1000.0
7072,1000.0
7073,1000.0
7074,1000.0
7075,1000.0
7076,1000.0
7077,1000.0
7078,462.0
7079,1000.0
7080,1000.0
7081,1000.0
7082,106.33
7083,971.0
7084,1000.0
7085,290.5
7086,203.0
7087,1000.0
7088,194.6
7089,1000.0
7090,1000.0
7091,1000.0
7092,300.67
7093,1000.0
7094,1000.0
7095,1000.0
7096,266.0
7097,249.5
7098,1000.0
7099,1000.0
7100,1000.0
7101,1000.0
7102,57.0
7103,1000.0
7104,1000.0
7105,1000.0
7106,117.0
7107,1000.0
7108,1000.0
7109,352.0
7110,184.0
7111,1000.0
7112,135.14
7113,1000.0
7114,636.0
7115,1000.0
7116,485.0
7117,1000.0
7118,1000.0
7119,1000.0
7120,449.0
7121,1000.0
7122,298.33
7123,92.67
7124,109.75
7125,1000.0
7126,1000.0
7127,1000.0
7128,1000.0
7129,1000.0
7130,1000.0
7131,112.67
7132,1000.0
7133,1000.0
7134,1000.0
7135,1000.0
7136,1000.0
7137,1000.0
7138,1000.0
7139,1000.0
7140,162.6
7141,1000.0
7142,1000.0
7143,159.17
7144,316.33
7145,1000.0
7146,103.0
7147,1000.0
7148,1000.0
7149,1000.0
7150,207.0
7151,115.75
7152,1000.0
7153,1000.0
7154,186.0
7155,828.0
7156,181.6
7157,1000.0
7158,199.6
7159,106.0
7160,172.0
7161,1000.0
7162,1000.0
7163,1000.0
7164,1000.0
7165,150.0
7166,896.0
7167,102.89
7168,1000.0
7169,1000.0
7170,1000.0
7171,1000.0
7172,188.0
7173,1000.0
7174,1000.0
7175,1000.0
7176,1000.0
7177,152.0
7178,1000.0
7179,1000.0
7180,1000.0
7181,1000.0
7182,1000.0
7183,1000.0
7184,1000.0
7185,1000.0
7186,114.5
7187,543.0
7188,1000.0
7189,1000.0
7190,1000.0
7191,1000.0
7192,1000.0
7193,331.0
7194,1000.0
7195,1000.0
7196,1000.0
7197,321.0
7198,1000.0
7199,193.0
7200,88.55
7201,234.67
7202,1000.0
7203,1000.0
7204,1000.0
7205,1000.0
7206,1000.0
7207,1000.0
7208,1000.0
7209,1000.0
7210,1000.0
7211,132.14
7212,1000.0
7213,1000.0
7214,136.86
7215,1000.0
7216,143.5
7217,164.33
7218,1000.0
7219,1000.0
7220,1000.0
7221,1000.0
7222,257.0
7223,1000.0
7224,1000.0
7225,1000.0
7226,1000.0
7227,1000.0
7228,125.71
7229,1000.0
7230,357.5
7231,1000.0
7232,195.4
7233,1000.0
7234,1000.0
7235,1000.0
7236,1000.0
7237,1000.0
7238,1000.0
7239,1000.0
7240,1000.0
7241,1000.0
7242,86.45
7243,1000.0
7244,154.17
7245,420.5
7246,88.18
7247,1000.0
7248,1000.0
7249,1000.0
7250,215.0
7251,1000.0
7252,1000.0
7253,1000.0
7254,1000.0
7255,1000.0
7256,1000.0
7257,1000.0
7258,1000.0
7259,1000.0
7260,1000.0
7261,1000.0
7262,1000.0
7263,666.0
7264,257.0
7265,1000.0
7266,299.0
7267,264.5
7268,1000.0
7269,111.5
7270,1000.0
7271,367.0
7272,1000.0
7273,1000.0
7274,214.0
7275,1000.0
7276,1000.0
7277,1000.0
7278,1000.0
7279,1000.0
7280,1000.0
7281,1000.0
7282,1000.0
7283,1000.0
7284,1000.0
7285,1000.0
7286,1000.0
7287,112.0
7288,1000.0
7289,1000.0
7290,1000.0
7291,155.0
7292,1000.0
7293,1000.0
7294,1000.0
7295,1000.0
7296,1000.0
7297,1000.0
7298,205.5
7299,1000.0
7300,1000.0
7301,1000.0
7302,216.0
7303,110.22
7304,250.0
7305,342.0
7306,1000.0
7307,1000.0
7308,59.5
7309,1000.0
7310,1000.0
7311,1000.0
7312,1000.0
7313,227.75
7314,1000.0
7315,106.67
7316,1000.0
7317,1000.0
7318,1000.0
7319,1000.0
7320,1000.0
7321,126.0
7322,1000.0
7323,1000.0
7324,237.0
7325,426.0
7326,1000.0
7327,190.0
7328,466.5
7329,545.0
7330,1000.0
7331,1000.0
7332,1000.0
7333,1000.0
7334,1000.0
7335,288.0
7336,1000.0
7337,1000.0
7338,1000.0
7339,1000.0
7340,497.0
7341,1000.0
7342,161.33
7343,1000.0
7344,1000.0
7345,1000.0
7346,1000.0
7347,1000.0
7348,1000.0
7349,1000.0
7350,1000.0
7351,801.0
7352,1000.0
7353,244.0
7354,1000.0
7355,1000.0
7356,1000.0
7357,1000.0
7358,1000.0
7359,1000.0
7360,1000.0
7361,161.0
7362,1000.0
7363,534.0
7364,1000.0
7365,1000.0
7366,1000.0
7367,1000.0
7368,390.0
7369,1000.0
7370,551.0
7371,1000.0
7372,1000.0
7373,277.67
7374,1000.0
7375,821.0
7376,1000.0
7377,1000.0
7378,171.67
7379,1000.0
7380,1000.0
7381,1000.0
7382,140.57
7383,1000.0
7384,1000.0
7385,428.0
7386,1000.0
7387,1000.0
7388,1000.0
7389,1000.0
7390,1000.0
7391,1000.0
7392,1000.0
7393,1000.0
7394,1000.0
7395,1000.0
7396,1000.0
7397,98.5
7398,733.0
7399,1000.0
7400,1000.0
7401,147.0
7402,113.75
7403,1000.0
7404,219.5
7405,421.0
7406,1000.0
7407,1000.0
7408,1000.0
7409,1000.0
7410,1000.0
7411,78.0
7412,99.0
7413,1000.0
7414,1000.0
7415,1000.0
7416,1000.0
7417,1000.0
7418,151.0
7419,1000.0
7420,1000.0
7421,1000.0
7422,1000.0
7423,1000.0
7424,1000.0
7425,1000.0
7426,106.44
7427,79.0
7428,184.0
7429,1000.0
7430,1000.0
7431,1000.0
7432,1000.0
7433,1000.0
7434,1000.0
7435,188.0
7436,343.5
7437,206.5
7438,1000.0
7439,1000.0
7440,1000.0
7441,229.0
7442,229.25
7443,1000.0
7444,1000.0
7445,1000.0
7446,1000.0
7447,89.5
7448,1000.0
7449,383.0
7450,124.0
7451,1000.0
7452,1000.0
7453,1000.0
7454,1000.0
7455,185.0
7456,268.0
7457,1000.0
7458,1000.0
7459,428.5
7460,1000.0
7461,990.0
7462,1000.0
7463,1000.0
7464,241.0
7465,164.83
7466,1000.0
7467,114.0
7468,175.6
7469,262.0
7470,84.25
7471,99.3
7472,1000.0
7473,1000.0
7474,1000.0
7475,1000.0
7476,1000.0
7477,1000.0
7478,1000.0
7479,1000.0
7480,180.0
7481,1000.0
7482,273.0
7483,115.0
7484,1000.0
7485,1000.0
7486,1000.0
7487,1000.0
7488,1000.0
7489,1000.0
7490,1000.0
7491,1000.0
7492,1000.0
7493,1000.0
7494,1000.0
7495,121.25
7496,307.33
7497,238.75
7498,1000.0
7499,1000.0
7500,173.6
7501,1000.0
7502,1000.0
7503,1000.0
7504,1000.0
7505,1000.0
7506,1000.0
7507,1000.0
7508,1000.0
7509,1000.0
7510,1000.0
7511,142.14
7512,233.33
7513,1000.0
7514,1000.0
7515,1000.0
7516,1000.0
7517,1000.0
7518,1000.0
7519,1000.0
7520,1000.0
7521,114.25
7522,1000.0
7523,1000.0
7524,1000.0
7525,1000.0
7526,1000.0
7527,1000.0
7528,1000.0
7529,1000.0
7530,128.71
7531,1000.0
7532,1000.0
7533,1000.0
7534,1000.0
7535,309.33
7536,1000.0
7537,1000.0
7538,1000.0
7539,1000.0
7540,1000.0
7541,1000.0
7542,1000.0
7543,1000.0
7544,346.5
7545,1000.0
7546,1000.0
7547,1000.0
7548,1000.0
7549,873.0
7550,1000.0
7551,226.0
7552,1000.0
7553,118.25
7554,1000.0
7555,121.0
7556,90.67
7557,152.5
7558,496.5
7559,1000.0
7560,1000.0
7561,247.0
7562,1000.0
7563,124.75
7564,1000.0
7565,1000.0
7566,1000.0
7567,1000.0
7568,94.5
7569,1000.0
7570,1000.0
7571,1000.0
7572,1000.0
7573,306.0
7574,1000.0
7575,1000.0
7576,555.0
7577,1000.0
7578,112.0
7579,1000.0
7580,694.0
7581,288.5
7582,1000.0
7583,1000.0
7584,1000.0
7585,1000.0
7586,1000.0
7587,1000.0
7588,1000.0
7589,1000.0
7590,141.0
7591,142.33
7592,1000.0
7593,253.33
7594,1000.0
7595,179.5
7596,1000.0
7597,345.5
7598,1000.0
7599,122.62
7600,1000.0
7601,1000.0
7602,1000.0
7603,1000.0
7604,1000.0
7605,1000.0
7606,1000.0
7607,1000.0
7608,1000.0
7609,1000.0
7610,1000.0
7611,287.33
7612,1000.0
7613,1000.0
7614,1000.0
7615,393.0
7616,1000.0
7617,204.0
7618,199.33
7619,1000.0
7620,1000.0
7621,1000.0
7622,123.38
7623,1000.0
7624,1000.0
7625,1000.0
7626,1000.0
7627,1000.0
7628,112.0
7629,1000.0
7630,1000.0
7631,1000.0
7632,1000.0
7633,1000.0
7634,1000.0
7635,333.0
7636,172.67
7637,1000.0
7638,128.43
7639,1000.0
7640,1000.0
7641,97.6
7642,1000.0
7643,1000.0
7644,1000.0
7645,101.0
7646,281.67
7647,1000.0
7648,1000.0
7649,1000.0
7650,1000.0
7651,154.0
7652,205.5
7653,203.5
7654,1000.0
7655,141.57
7656,1000.0
7657,269.0
7658,1000.0
7659,1000.0
7660,141.71
7661,363.0
7662,1000.0
7663,103.5
7664,1000.0
7665,141.0
7666,1000.0
7667,146.17
7668,161.5
7669,1000.0
7670,94.0
7671,1000.0
7672,1000.0
7673,1000.0
7674,1000.0
7675,314.0
7676,134.0
7677,1000.0
7678,95.33
7679,1000.0
7680,188.8
7681,1000.0
7682,1000.0
7683,1000.0
7684,1000.0
7685,1000.0
7686,1000.0
7687,1000.0
7688,1000.0
7689,1000.0
7690,1000.0
7691,1000.0
7692,1000.0
7693,1000.0
7694,1000.0
7695,1000.0
7696,296.0
7697,1000.0
7698,1000.0
7699,1000.0
7700,1000.0
7701,179.8
7702,1000.0
7703,1000.0
7704,1000.0
7705,1000.0
7706,1000.0
7707,1000.0
7708,1000.0
7709,1000.0
7710,1000.0
7711,1000.0
7712,1000.0
7713,1000.0
7714,106.75
7715,1000.0
7716,495.0
7717,1000.0
7718,1000.0
7719,1000.0
7720,1000.0
7721,1000.0
7722,1000.0
7723,1000.0
7724,331.0
7725,296.0
7726,276.0
7727,1000.0
7728,1000.0
7729,1000.0
7730,247.5
7731,1000.0
7732,1000.0
7733,140.5
7734,1000.0
7735,1000.0
7736,1000.0
7737,1000.0
7738,124.12
7739,1000.0
7740,315.0
7741,131.0
7742,1000.0
7743,180.0
7744,526.0
7745,97.1
7746,1000.0
7747,1000.0
7748,1000.0
7749,1000.0
7750,1000.0
7751,115.12
7752,144.5
7753,1000.0
7754,1000.0
7755,91.8
7756,357.0
7757,1000.0
7758,1000.0
7759,1000.0
7760,1000.0
7761,231.5
7762,1000.0
7763,1000.0
7764,1000.0
7765,738.0
7766,1000.0
7767,1000.0
7768,1000.0
7769,1000.0
7770,133.14
7771,1000.0
7772,1000.0
7773,1000.0
7774,1000.0
7775,1000.0
7776,184.6
7777,1000.0
7778,456.5
7779,1000.0
7780,1000.0
7781,1000.0
7782,1000.0
7783,1000.0
7784,1000.0
7785,1000.0
7786,1000.0
7787,1000.0
7788,354.5
7789,142.14
7790,1000.0
7791,144.0
7792,1000.0
7793,1000.0
7794,1000.0
7795,302.67
7796,144.0
7797,1000.0
7798,179.25
7799,1000.0
7800,1000.0
7801,1000.0
7802,1000.0
7803,1000.0
7804,1000.0
7805,1000.0
7806,1000.0
7807,1000.0
7808,1000.0
7809,1000.0
7810,150.83
7811,1000.0
7812,180.2
7813,551.0
7814,1000.0
7815,131.57
7816,104.67
7817,1000.0
7818,159.8
7819,1000.0
7820,1000.0
7821,1000.0
7822,1000.0
7823,1000.0
7824,411.0
7825,1000.0
7826,415.0
7827,1000.0
7828,1000.0
7829,215.25
7830,1000.0
7831,1000.0
7832,127.14
7833,467.0
7834,1000.0
7835,1000.0
7836,155.67
7837,1000.0
7838,1000.0
7839,1000.0
7840,1000.0
7841,1000.0
7842,1000.0
7843,340.0
7844,128.86
7845,1000.0
7846,105.25
7847,1000.0
7848,1000.0
7849,1000.0
7850,155.33
7851,1000.0
7852,240.5
7853,1000.0
7854,1000.0
7855,89.0
7856,363.0
7857,316.0
7858,1000.0
7859,164.0
7860,1000.0
7861,1000.0
7862,283.0
7863,1000.0
7864,240.0
7865,140.71
7866,1000.0
7867,1000.0
7868,1000.0
7869,1000.0
7870,1000.0
7871,1000.0
7872,1000.0
7873,795.0
7874,1000.0
7875,136.14
7876,1000.0
7877,1000.0
7878,1000.0
7879,1000.0
7880,462.5
7881,147.83
7882,1000.0
7883,1000.0
7884,1000.0
7885,1000.0
7886,46.0
7887,1000.0
7888,1000.0
7889,1000.0
7890,99.0
7891,1000.0
7892,1000.0
7893,1000.0
7894,1000.0
7895,695.0
7896,1000.0
7897,1000.0
7898,175.2
7899,1000.0
7900,1000.0
7901,478.5
7902,474.5
7903,1000.0
7904,150.83
7905,209.0
7906,1000.0
7907,1000.0
7908,1000.0
7909,1000.0
7910,1000.0
7911,165.5
7912,1000.0
7913,1000.0
7914,1000.0
7915,143.0
7916,1000.0
7917,1000.0
7918,1000.0
7919,1000.0
7920,349.0
7921,1000.0
7922,1000.0
7923,1000.0
7924,1000.0
7925,262.67
7926,1000.0
7927,130.33
7928,555.0
7929,1000.0
7930,1000.0
7931,1000.0
7932,1000.0
7933,160.17
7934,1000.0
7935,1000.0
7936,1000.0
7937,186.0
7938,93.5
7939,139.14
7940,1000.0
7941,1000.0
7942,301.33
7943,1000.0
7944,148.5
7945,1000.0
7946,1000.0
7947,86.0
7948,125.0
7949,1000.0
7950,440.0
7951,128.29
7952,277.5
7953,1000.0
7954,1000.0
7955,1000.0
7956,1000.0
7957,1000.0
7958,945.0
7959,1000.0
7960,1000.0
7961,1000.0
7962,141.71
7963,1000.0
7964,1000.0
7965,1000.0
7966,1000.0
7967,1000.0
7968,1000.0
7969,1000.0
7970,1000.0
7971,1000.0
7972,1000.0
7973,1000.0
7974,1000.0
7975,1000.0
7976,1000.0
7977,1000.0
7978,1000.0
7979,1000.0
7980,1000.0
7981,1000.0
7982,134.0
7983,1000.0
7984,1000.0
7985,1000.0
7986,1000.0
7987,1000.0
7988,1000.0
7989,1000.0
7990,1000.0
7991,1000.0
7992,714.0
7993,621.0
7994,1000.0
7995,810.0
7996,70.0
7997,109.0
7998,1000.0
7999,1000.0
